System ID	Regulatory Zone	Criticality Level (1-5)	Uptime (days)	Last Patch Date	Next Available Window	Downtime Window (hours)	Requires Reboot	Vulnerability Score (0-10)	Predicted Failure Probability	Patch Priority
SYS-001	Zone C	1	227	2025-07-10	2025-12-03	4	Yes	5.53	0.24	Medium
SYS-002	Zone A	2	13	2025-07-20	2025-12-04	1	Yes	5.2	0.14	Medium
SYS-003	Zone A	4	99	2025-10-06	2025-11-08	1	Yes	9.95	0.19	High
SYS-004	Zone A	1	113	2025-07-06	2025-11-26	3	Yes	2.02	0.18	Low
SYS-005	Zone B	3	128	2025-08-10	2025-12-15	2	No	2.58	0.51	Medium
SYS-006	Zone C	4	142	2025-09-30	2025-12-02	2	No	1.14	0.84	High
SYS-007	Zone B	3	321	2025-07-10	2025-11-27	1	Yes	9.18	0.08	Low
SYS-008	Zone B	3	105	2025-06-21	2025-11-17	1	No	7.78	0.71	Low
SYS-009	Zone A	1	340	2025-08-07	2025-11-09	4	No	8.22	0.65	Low
SYS-010	Zone B	4	152	2025-07-25	2025-11-27	3	Yes	9.03	0.87	High
SYS-011	Zone B	5	297	2025-06-26	2025-11-19	3	Yes	5.25	0.24	Medium
SYS-012	Zone A	1	37	2025-07-13	2025-11-11	1	No	4.51	0.45	Medium
SYS-013	Zone B	1	287	2025-07-09	2025-11-27	4	Yes	3.3	0.93	Low
SYS-014	Zone A	4	242	2025-05-22	2025-12-11	4	Yes	5.89	0.66	High
SYS-015	Zone A	4	26	2025-06-12	2025-12-19	2	No	4.54	0.39	Medium
SYS-016	Zone A	3	68	2025-05-24	2025-10-27	2	Yes	4.52	0.13	Medium
SYS-017	Zone A	4	99	2025-08-29	2025-11-08	4	No	9.37	0.26	High
SYS-018	Zone B	3	208	2025-10-19	2025-12-17	2	No	9.84	0.58	Medium
SYS-019	Zone A	1	371	2025-07-25	2025-12-04	1	No	7.96	0.72	Low
SYS-020	Zone A	2	35	2025-05-16	2025-12-04	4	No	7.57	0.12	Low
SYS-021	Zone B	5	34	2025-09-13	2025-12-15	2	No	6.81	0.6	Medium
SYS-022	Zone B	1	310	2025-06-13	2025-12-03	3	Yes	1.66	0.55	Medium
SYS-023	Zone C	4	348	2025-09-30	2025-12-15	4	Yes	0.59	0.51	Medium
SYS-024	Zone B	5	276	2025-05-13	2025-10-31	4	Yes	6.91	0.69	High
SYS-025	Zone B	2	190	2025-08-24	2025-10-31	3	Yes	7.29	0.84	Low
SYS-026	Zone C	2	369	2025-09-29	2025-10-28	1	No	0.47	0.32	Medium
SYS-027	Zone B	3	77	2025-07-24	2025-11-01	3	No	9.28	0.89	Low
SYS-028	Zone B	5	360	2025-09-02	2025-12-15	4	Yes	0.91	0.16	Low
SYS-029	Zone B	3	330	2025-08-23	2025-11-02	1	No	2.86	0.17	Low
SYS-030	Zone B	1	58	2025-05-04	2025-12-06	2	Yes	6.72	0.27	Medium
SYS-031	Zone C	5	184	2025-10-06	2025-12-16	2	Yes	1.7	0.12	Low
SYS-032	Zone B	1	61	2025-04-29	2025-11-09	2	Yes	0.55	0.23	Low
SYS-033	Zone B	3	111	2025-08-31	2025-12-11	4	No	3.31	0.11	Low
SYS-034	Zone C	5	225	2025-07-05	2025-11-23	3	No	7.66	0.82	High
SYS-035	Zone A	3	197	2025-08-27	2025-11-27	1	No	4.14	0.14	Medium
SYS-036	Zone C	5	66	2025-08-18	2025-12-16	2	No	6.53	0.75	High
SYS-037	Zone A	3	56	2025-06-12	2025-11-24	1	Yes	5.8	0.05	Medium
SYS-038	Zone C	2	168	2025-08-31	2025-12-03	4	No	0.22	0.95	Low
SYS-039	Zone C	3	183	2025-06-08	2025-11-21	2	No	9.89	0.71	Low
SYS-040	Zone B	2	251	2025-09-30	2025-11-30	4	No	0.41	0.01	Low
SYS-041	Zone A	3	291	2025-08-09	2025-11-23	3	Yes	9.68	0.76	Low
SYS-042	Zone B	5	250	2025-05-07	2025-12-02	4	Yes	5.5	0.51	Medium
SYS-043	Zone A	5	379	2025-10-03	2025-12-21	4	No	9.63	0.78	High
SYS-044	Zone C	5	14	2025-06-11	2025-11-27	3	No	1.15	0.52	Medium
SYS-045	Zone C	4	93	2025-07-24	2025-12-01	1	No	4.9	0.64	High
SYS-046	Zone A	1	317	2025-08-22	2025-11-21	3	No	1.7	0.79	Low
SYS-047	Zone B	5	370	2025-10-07	2025-12-19	3	Yes	0.51	0.41	Medium
SYS-048	Zone B	2	257	2025-10-12	2025-11-27	4	No	6.18	0.0	Medium
SYS-049	Zone B	5	63	2025-07-23	2025-10-29	1	No	2.08	0.85	High
SYS-050	Zone B	4	170	2025-08-29	2025-11-16	2	No	5.88	0.38	Medium
SYS-051	Zone C	2	235	2025-06-13	2025-10-27	3	Yes	1.12	0.5	Medium
SYS-052	Zone C	4	24	2025-07-29	2025-11-04	1	Yes	3.32	0.01	Low
SYS-053	Zone C	2	233	2025-07-21	2025-10-30	3	No	7.82	0.49	Medium
SYS-054	Zone C	3	70	2025-07-02	2025-12-23	3	No	4.37	0.99	Medium
SYS-055	Zone C	1	131	2025-05-02	2025-11-04	3	No	6.28	0.28	Medium
SYS-056	Zone B	1	286	2025-10-13	2025-11-27	3	No	6.47	0.4	Medium
SYS-057	Zone B	4	55	2025-04-29	2025-12-18	4	No	8.44	0.69	High
SYS-058	Zone B	1	399	2025-09-16	2025-12-02	1	Yes	3.25	0.81	Low
SYS-059	Zone B	4	303	2025-08-01	2025-11-07	1	Yes	6.87	0.42	Medium
SYS-060	Zone C	4	71	2025-05-10	2025-11-25	1	Yes	9.62	0.31	High
SYS-061	Zone C	4	95	2025-09-01	2025-12-11	3	No	7.3	0.94	High
SYS-062	Zone C	1	219	2025-07-09	2025-11-30	4	Yes	4.9	0.68	Medium
SYS-063	Zone A	4	87	2025-06-11	2025-12-09	3	Yes	6.31	0.12	Medium
SYS-064	Zone B	1	211	2025-10-19	2025-11-18	3	Yes	7.4	0.07	Low
SYS-065	Zone B	4	311	2025-06-09	2025-12-16	1	No	6.12	0.48	Medium
SYS-066	Zone C	5	232	2025-08-28	2025-12-20	3	No	0.17	0.22	Low
SYS-067	Zone B	4	231	2025-07-07	2025-11-09	2	Yes	1.95	0.25	Low
SYS-068	Zone B	2	12	2025-10-17	2025-11-23	3	No	8.1	0.88	Low
SYS-069	Zone C	4	15	2025-08-28	2025-11-02	2	Yes	2.73	0.09	Low
SYS-070	Zone A	3	102	2025-05-28	2025-10-30	3	Yes	7.32	0.72	Low
SYS-071	Zone A	4	17	2025-09-07	2025-11-23	4	Yes	3.72	0.27	Low
SYS-072	Zone A	2	244	2025-05-12	2025-12-11	4	Yes	5.22	0.76	Medium
SYS-073	Zone C	2	117	2025-10-07	2025-10-29	1	No	0.68	0.72	Low
SYS-074	Zone B	1	170	2025-07-18	2025-11-06	3	No	1.81	0.01	Low
SYS-075	Zone C	5	218	2025-09-03	2025-12-09	2	No	9.57	0.51	High
SYS-076	Zone C	4	249	2025-10-06	2025-10-27	2	No	8.9	0.14	High
SYS-077	Zone B	1	340	2025-09-11	2025-11-21	3	Yes	6.52	0.87	Medium
SYS-078	Zone A	5	342	2025-07-31	2025-11-25	2	No	4.6	0.87	High
SYS-079	Zone A	4	59	2025-07-02	2025-12-15	4	Yes	6.76	0.42	Medium
SYS-080	Zone C	3	20	2025-08-29	2025-12-15	2	No	6.19	0.44	Medium
SYS-081	Zone A	4	360	2025-09-27	2025-11-30	1	No	5.69	0.3	Medium
SYS-082	Zone C	2	165	2025-05-20	2025-11-30	4	No	0.59	0.72	Low
SYS-083	Zone C	2	79	2025-06-19	2025-11-20	4	Yes	6.33	0.36	Medium
SYS-084	Zone B	3	178	2025-09-10	2025-12-07	4	Yes	7.69	0.27	Low
SYS-085	Zone B	1	281	2025-05-17	2025-11-21	3	Yes	9.94	0.43	Medium
SYS-086	Zone B	5	77	2025-10-06	2025-10-30	3	Yes	0.11	0.09	Low
SYS-087	Zone C	4	364	2025-09-06	2025-11-14	4	No	7.3	0.75	High
SYS-088	Zone B	2	261	2025-08-17	2025-11-05	3	Yes	5.72	0.01	Medium
SYS-089	Zone A	1	57	2025-07-24	2025-11-04	2	Yes	4.34	0.64	Medium
SYS-090	Zone A	3	193	2025-08-11	2025-12-04	3	No	1.28	0.18	Low
SYS-091	Zone C	2	329	2025-10-12	2025-12-02	3	No	4.09	0.23	Medium
SYS-092	Zone C	3	196	2025-07-25	2025-10-31	4	Yes	3.54	0.64	Low
SYS-093	Zone B	4	99	2025-06-14	2025-11-02	1	No	3.03	0.99	High
SYS-094	Zone C	5	341	2025-06-07	2025-11-17	1	Yes	7.31	0.78	High
SYS-095	Zone C	2	148	2025-08-19	2025-12-11	1	No	7.01	0.23	Low
SYS-096	Zone A	2	366	2025-06-04	2025-11-20	2	Yes	5.89	0.18	Medium
SYS-097	Zone A	4	98	2025-08-01	2025-12-10	3	Yes	9.39	0.87	High
SYS-098	Zone B	1	283	2025-06-07	2025-12-07	1	Yes	3.5	0.44	Medium
SYS-099	Zone C	5	28	2025-05-11	2025-11-06	4	Yes	2.44	0.14	Low
SYS-100	Zone C	2	320	2025-05-11	2025-11-20	1	Yes	6.56	0.86	Medium
SYS-101	Zone A	5	367	2025-09-18	2025-11-07	1	No	1.99	0.82	High
SYS-102	Zone C	2	383	2025-06-20	2025-12-04	3	Yes	3.15	0.98	Low
SYS-103	Zone A	5	163	2025-10-16	2025-11-12	3	Yes	2.25	0.91	High
SYS-104	Zone B	3	399	2025-09-10	2025-11-19	3	Yes	0.69	0.85	Low
SYS-105	Zone A	2	269	2025-09-23	2025-11-27	2	Yes	8.27	0.05	Low
SYS-106	Zone C	5	117	2025-06-08	2025-12-11	2	Yes	2.55	0.1	Low
SYS-107	Zone B	1	380	2025-08-10	2025-12-04	1	No	4.73	0.57	Medium
SYS-108	Zone A	3	294	2025-10-09	2025-12-07	3	No	0.43	0.53	Medium
SYS-109	Zone A	3	68	2025-05-12	2025-11-06	1	Yes	6.99	0.46	Medium
SYS-110	Zone B	1	134	2025-09-18	2025-12-08	4	No	3.31	0.4	Medium
SYS-111	Zone B	5	363	2025-09-03	2025-11-30	4	Yes	7.45	0.43	High
SYS-112	Zone A	4	282	2025-05-23	2025-12-12	3	No	4.12	0.57	Medium
SYS-113	Zone C	1	116	2025-08-20	2025-10-29	3	No	1.96	0.0	Low
SYS-114	Zone A	5	308	2025-09-14	2025-10-30	4	Yes	5.13	0.26	Medium
SYS-115	Zone B	1	254	2025-07-14	2025-12-20	3	No	1.31	0.52	Medium
SYS-116	Zone A	1	345	2025-05-02	2025-12-01	2	No	4.41	0.72	Medium
SYS-117	Zone B	2	256	2025-07-09	2025-11-02	2	Yes	3.17	0.17	Low
SYS-118	Zone B	5	17	2025-09-16	2025-12-06	3	Yes	9.12	0.55	High
SYS-119	Zone C	4	150	2025-07-12	2025-12-13	4	No	0.61	0.71	High
SYS-120	Zone B	2	371	2025-04-29	2025-11-22	1	No	6.94	0.44	Medium
SYS-121	Zone B	1	17	2025-06-12	2025-11-25	3	No	1.83	0.03	Low
SYS-122	Zone C	1	361	2025-10-20	2025-12-22	3	Yes	3.19	0.45	Medium
SYS-123	Zone B	1	103	2025-10-16	2025-11-03	1	No	4.16	0.3	Medium
SYS-124	Zone C	5	330	2025-06-01	2025-12-18	3	No	9.08	0.93	High
SYS-125	Zone C	5	48	2025-07-10	2025-12-15	1	No	2.43	0.12	Low
SYS-126	Zone B	2	90	2025-09-24	2025-11-23	4	Yes	0.91	0.65	Low
SYS-127	Zone B	4	196	2025-06-06	2025-11-08	2	Yes	3.19	0.05	Low
SYS-128	Zone A	2	93	2025-10-06	2025-12-04	4	Yes	1.05	0.45	Medium
SYS-129	Zone C	3	97	2025-07-23	2025-12-05	2	Yes	1.29	0.55	Medium
SYS-130	Zone A	1	251	2025-09-09	2025-11-16	1	No	5.74	0.3	Medium
SYS-131	Zone B	1	351	2025-06-19	2025-11-05	2	Yes	0.61	0.46	Medium
SYS-132	Zone A	1	102	2025-08-19	2025-11-17	4	No	0.31	0.16	Low
SYS-133	Zone C	2	95	2025-07-17	2025-10-26	2	No	7.14	0.3	Medium
SYS-134	Zone A	2	53	2025-08-30	2025-12-10	1	No	3.62	0.62	Low
SYS-135	Zone C	1	146	2025-07-17	2025-12-01	2	No	1.25	0.3	Medium
SYS-136	Zone B	2	83	2025-06-11	2025-11-15	3	Yes	2.54	0.9	Low
SYS-137	Zone B	5	45	2025-05-23	2025-11-20	4	Yes	6.42	0.63	High
SYS-138	Zone C	5	110	2025-05-31	2025-12-10	3	Yes	2.76	0.44	Medium
SYS-139	Zone B	2	165	2025-05-03	2025-11-30	1	Yes	4.95	0.04	Medium
SYS-140	Zone B	1	264	2025-09-22	2025-12-18	2	Yes	1.22	0.5	Medium
SYS-141	Zone B	2	180	2025-09-15	2025-11-17	3	No	5.88	0.76	Medium
SYS-142	Zone B	2	225	2025-10-08	2025-12-21	3	Yes	3.16	0.27	Low
SYS-143	Zone C	2	179	2025-05-14	2025-10-26	2	Yes	6.27	0.81	Medium
SYS-144	Zone A	3	261	2025-08-11	2025-12-18	2	Yes	8.08	0.25	Low
SYS-145	Zone A	5	369	2025-07-27	2025-12-19	4	Yes	6.12	0.82	High
SYS-146	Zone B	4	331	2025-09-23	2025-12-15	3	No	2.96	0.09	Low
SYS-147	Zone A	4	64	2025-08-16	2025-12-04	3	No	2.56	0.87	High
SYS-148	Zone A	3	100	2025-05-04	2025-11-09	1	No	3.27	0.5	Medium
SYS-149	Zone B	2	287	2025-09-06	2025-11-15	4	No	1.65	0.3	Medium
SYS-150	Zone B	3	110	2025-08-20	2025-12-11	1	No	1.81	0.27	Low
SYS-151	Zone A	3	164	2025-06-09	2025-11-03	3	Yes	7.91	0.43	Medium
SYS-152	Zone C	1	386	2025-09-23	2025-12-17	1	No	3.85	1.0	Low
SYS-153	Zone B	5	358	2025-09-23	2025-11-03	3	No	4.36	0.22	Medium
SYS-154	Zone C	4	373	2025-07-05	2025-11-04	3	No	5.94	0.1	Medium
SYS-155	Zone A	2	150	2025-09-07	2025-12-16	1	Yes	5.9	0.59	Medium
SYS-156	Zone B	4	182	2025-07-29	2025-12-21	1	Yes	0.67	0.49	Medium
SYS-157	Zone C	4	19	2025-09-21	2025-12-17	2	No	8.32	0.52	High
SYS-158	Zone B	5	237	2025-08-07	2025-11-20	2	Yes	1.77	0.67	High
SYS-159	Zone A	4	274	2025-06-15	2025-12-05	2	Yes	7.23	0.27	High
SYS-160	Zone C	4	257	2025-07-21	2025-11-29	3	No	7.73	0.91	High
SYS-161	Zone A	3	256	2025-06-14	2025-12-16	1	Yes	7.15	0.44	Medium
SYS-162	Zone A	5	164	2025-06-22	2025-11-19	4	Yes	5.79	0.13	Medium
SYS-163	Zone B	1	43	2025-09-24	2025-11-20	3	Yes	0.15	0.74	Low
SYS-164	Zone C	2	138	2025-06-22	2025-11-05	4	No	3.6	0.64	Low
SYS-165	Zone A	4	169	2025-06-27	2025-12-02	1	No	6.05	0.32	Medium
SYS-166	Zone A	2	98	2025-10-18	2025-10-27	3	No	3.87	0.62	Low
SYS-167	Zone C	1	102	2025-07-10	2025-11-01	4	Yes	8.63	0.22	Low
SYS-168	Zone A	2	336	2025-05-19	2025-11-12	4	No	3.09	0.44	Medium
SYS-169	Zone A	1	250	2025-06-06	2025-11-21	2	Yes	2.94	0.9	Low
SYS-170	Zone C	3	332	2025-08-20	2025-11-28	2	Yes	2.66	0.13	Low
SYS-171	Zone C	4	126	2025-05-09	2025-11-21	2	Yes	3.33	0.39	Medium
SYS-172	Zone C	1	103	2025-08-31	2025-11-11	3	No	5.57	0.82	Medium
SYS-173	Zone C	2	172	2025-05-02	2025-12-07	1	No	7.07	0.97	Low
SYS-174	Zone B	4	108	2025-05-22	2025-12-23	1	No	6.63	0.45	Medium
SYS-175	Zone C	3	122	2025-08-23	2025-12-08	2	No	8.08	0.51	Medium
SYS-176	Zone B	4	368	2025-06-25	2025-12-23	2	Yes	8.86	0.57	High
SYS-177	Zone B	1	100	2025-05-14	2025-12-15	2	No	8.16	0.93	Low
SYS-178	Zone B	3	355	2025-07-17	2025-12-18	4	Yes	0.19	0.86	Low
SYS-179	Zone A	2	215	2025-06-30	2025-11-18	2	No	7.36	0.17	Low
SYS-180	Zone B	3	26	2025-08-20	2025-11-19	4	No	2.08	0.44	Medium
SYS-181	Zone B	3	283	2025-08-30	2025-11-01	1	No	1.33	0.46	Medium
SYS-182	Zone A	5	182	2025-10-09	2025-12-16	3	Yes	6.38	0.79	High
SYS-183	Zone A	3	125	2025-09-12	2025-10-31	3	Yes	3.2	0.6	Medium
SYS-184	Zone A	3	358	2025-06-13	2025-12-17	3	Yes	0.57	0.65	Low
SYS-185	Zone C	4	190	2025-06-12	2025-11-18	3	Yes	1.38	1.0	High
SYS-186	Zone A	2	100	2025-06-30	2025-11-27	4	Yes	0.01	0.07	Low
SYS-187	Zone A	4	91	2025-07-12	2025-12-13	4	No	9.03	0.22	High
SYS-188	Zone B	4	333	2025-06-30	2025-11-23	2	Yes	0.25	0.41	Medium
SYS-189	Zone A	1	123	2025-08-01	2025-12-07	4	Yes	2.09	0.35	Medium
SYS-190	Zone C	4	266	2025-06-30	2025-11-16	2	Yes	4.16	0.02	Medium
SYS-191	Zone A	5	67	2025-10-19	2025-11-20	2	Yes	3.57	0.09	Low
SYS-192	Zone C	5	163	2025-06-13	2025-11-22	3	No	9.12	0.68	High
SYS-193	Zone A	1	374	2025-08-28	2025-12-14	4	Yes	0.4	0.88	Low
SYS-194	Zone A	2	125	2025-07-26	2025-11-15	4	No	5.12	0.51	Medium
SYS-195	Zone A	2	352	2025-06-14	2025-12-13	2	No	6.8	0.54	Medium
SYS-196	Zone A	4	275	2025-05-27	2025-11-01	2	No	9.32	0.26	High
SYS-197	Zone C	4	324	2025-06-17	2025-11-11	1	Yes	6.2	0.77	High
SYS-198	Zone C	4	212	2025-06-13	2025-11-14	1	No	8.04	0.75	High
SYS-199	Zone B	2	50	2025-08-29	2025-12-05	2	Yes	0.84	0.59	Medium
SYS-200	Zone C	3	114	2025-05-02	2025-12-13	1	Yes	3.86	0.21	Low
SYS-201	Zone A	5	398	2025-05-14	2025-11-14	1	Yes	3.74	0.1	Low
SYS-202	Zone B	3	387	2025-05-14	2025-12-18	2	Yes	8.86	0.06	Low
SYS-203	Zone B	3	202	2025-08-14	2025-11-16	2	Yes	1.51	0.59	Medium
SYS-204	Zone B	2	287	2025-06-20	2025-11-22	4	No	1.52	0.83	Low
SYS-205	Zone A	3	363	2025-05-29	2025-12-04	2	No	3.29	0.86	Low
SYS-206	Zone C	1	246	2025-09-13	2025-12-13	2	Yes	0.54	0.46	Medium
SYS-207	Zone A	4	230	2025-09-27	2025-11-01	3	No	1.82	0.78	High
SYS-208	Zone B	1	77	2025-08-13	2025-10-26	4	Yes	9.65	0.95	Low
SYS-209	Zone A	5	206	2025-06-27	2025-11-26	4	No	4.28	0.28	Medium
SYS-210	Zone A	4	265	2025-07-15	2025-11-07	4	No	6.32	0.4	Medium
SYS-211	Zone C	3	148	2025-06-04	2025-11-24	3	No	7.26	0.93	Low
SYS-212	Zone C	5	321	2025-05-30	2025-11-17	2	No	3.67	0.34	Medium
SYS-213	Zone B	4	158	2025-07-16	2025-12-15	4	No	1.47	0.91	High
SYS-214	Zone A	3	108	2025-06-19	2025-12-23	4	Yes	2.07	0.98	Low
SYS-215	Zone A	1	85	2025-08-12	2025-12-20	1	Yes	3.13	0.66	Low
SYS-216	Zone C	4	291	2025-07-20	2025-11-13	4	No	6.36	0.82	High
SYS-217	Zone A	3	380	2025-10-18	2025-11-26	2	Yes	3.98	0.75	Low
SYS-218	Zone A	1	118	2025-05-26	2025-11-24	2	No	0.07	0.7	Low
SYS-219	Zone A	5	197	2025-05-10	2025-11-23	1	Yes	5.23	0.31	Medium
SYS-220	Zone C	5	208	2025-05-27	2025-12-13	4	No	9.22	0.06	High
SYS-221	Zone B	5	312	2025-07-23	2025-12-09	4	No	8.12	0.34	High
SYS-222	Zone B	5	336	2025-05-27	2025-11-23	4	No	8.25	0.67	High
SYS-223	Zone A	2	163	2025-05-26	2025-11-24	3	Yes	7.95	0.1	Low
SYS-224	Zone B	4	49	2025-07-17	2025-11-10	4	Yes	3.24	0.01	Low
SYS-225	Zone C	4	142	2025-08-30	2025-12-04	2	No	7.65	0.14	High
SYS-226	Zone C	2	141	2025-05-13	2025-11-13	2	No	1.43	0.72	Low
SYS-227	Zone B	3	288	2025-05-06	2025-11-12	3	Yes	6.58	0.97	Medium
SYS-228	Zone B	3	371	2025-06-15	2025-10-26	3	Yes	6.42	0.98	Medium
SYS-229	Zone A	5	93	2025-09-12	2025-11-08	4	Yes	0.26	0.49	Medium
SYS-230	Zone B	1	251	2025-07-31	2025-12-15	1	Yes	7.88	0.87	Low
SYS-231	Zone A	3	125	2025-07-09	2025-12-11	3	Yes	9.03	0.74	Low
SYS-232	Zone A	1	118	2025-06-14	2025-12-14	3	No	2.67	0.5	Medium
SYS-233	Zone C	4	230	2025-10-10	2025-10-27	4	Yes	8.12	0.57	High
SYS-234	Zone C	1	50	2025-05-23	2025-12-18	4	No	0.82	0.14	Low
SYS-235	Zone C	4	377	2025-05-15	2025-11-22	3	No	6.0	0.94	High
SYS-236	Zone C	2	156	2025-09-09	2025-12-13	1	Yes	4.86	0.35	Medium
SYS-237	Zone B	2	121	2025-07-14	2025-12-14	3	Yes	5.46	0.45	Medium
SYS-238	Zone C	5	112	2025-10-14	2025-11-24	4	No	9.26	0.67	High
SYS-239	Zone B	3	55	2025-05-30	2025-12-02	4	Yes	8.71	0.33	Medium
SYS-240	Zone C	5	333	2025-07-23	2025-12-15	3	No	7.85	0.25	High
SYS-241	Zone B	4	387	2025-07-01	2025-10-29	1	Yes	2.74	0.63	High
SYS-242	Zone A	5	280	2025-08-22	2025-10-26	3	Yes	9.12	0.02	High
SYS-243	Zone B	1	394	2025-06-30	2025-11-02	3	Yes	0.98	0.72	Low
SYS-244	Zone B	4	204	2025-10-19	2025-11-23	4	No	8.53	0.51	High
SYS-245	Zone C	2	376	2025-06-14	2025-12-19	1	Yes	3.28	0.61	Low
SYS-246	Zone B	3	289	2025-09-03	2025-12-03	2	No	0.54	0.63	Low
SYS-247	Zone A	4	292	2025-06-03	2025-10-28	1	Yes	6.69	0.53	Medium
SYS-248	Zone A	4	49	2025-09-14	2025-11-26	3	No	2.31	0.58	Medium
SYS-249	Zone C	1	198	2025-05-14	2025-11-04	3	Yes	2.44	0.68	Low
SYS-250	Zone A	3	173	2025-10-12	2025-11-04	3	No	3.06	0.75	Low
SYS-251	Zone B	2	33	2025-07-14	2025-11-13	1	No	0.64	0.73	Low
SYS-252	Zone A	4	33	2025-05-27	2025-12-10	4	No	1.77	0.87	High
SYS-253	Zone C	4	13	2025-09-03	2025-11-28	3	No	0.05	0.19	Low
SYS-254	Zone B	1	332	2025-06-12	2025-11-27	3	No	4.45	0.4	Medium
SYS-255	Zone C	5	299	2025-05-26	2025-11-17	1	No	0.84	0.95	High
SYS-256	Zone B	2	190	2025-05-22	2025-12-19	2	Yes	6.83	0.4	Medium
SYS-257	Zone A	3	257	2025-08-28	2025-11-22	2	No	2.36	0.12	Low
SYS-258	Zone C	4	125	2025-06-23	2025-11-26	4	No	9.44	0.53	High
SYS-259	Zone C	4	288	2025-05-13	2025-12-14	4	No	8.71	0.11	High
SYS-260	Zone B	2	374	2025-05-22	2025-11-01	3	Yes	2.89	0.2	Low
SYS-261	Zone C	5	78	2025-06-27	2025-11-23	1	Yes	7.83	1.0	High
SYS-262	Zone B	4	360	2025-08-07	2025-11-02	3	Yes	8.03	0.54	High
SYS-263	Zone B	2	263	2025-06-30	2025-10-26	4	No	9.87	0.28	Low
SYS-264	Zone B	1	190	2025-05-10	2025-12-21	1	Yes	5.98	0.99	Medium
SYS-265	Zone B	5	327	2025-05-08	2025-12-19	1	Yes	0.82	0.97	High
SYS-266	Zone A	3	178	2025-07-09	2025-10-28	4	No	6.47	0.44	Medium
SYS-267	Zone B	4	322	2025-07-29	2025-11-18	2	No	6.25	0.26	Medium
SYS-268	Zone C	2	258	2025-07-01	2025-11-17	2	Yes	6.38	0.84	Medium
SYS-269	Zone A	1	197	2025-07-14	2025-12-23	1	No	3.07	0.72	Low
SYS-270	Zone C	3	63	2025-05-21	2025-11-02	3	No	8.6	0.69	Low
SYS-271	Zone A	2	335	2025-07-20	2025-12-18	2	No	9.59	0.89	Low
SYS-272	Zone B	2	366	2025-05-28	2025-12-21	3	No	2.18	0.69	Low
SYS-273	Zone A	3	322	2025-06-15	2025-12-11	2	Yes	0.88	0.28	Low
SYS-274	Zone A	1	147	2025-07-03	2025-12-01	2	No	1.95	0.69	Low
SYS-275	Zone C	1	177	2025-07-31	2025-10-28	3	Yes	8.21	0.31	Medium
SYS-276	Zone C	5	112	2025-08-28	2025-12-15	4	Yes	6.77	0.76	High
SYS-277	Zone B	4	94	2025-05-11	2025-11-27	2	Yes	6.36	0.62	High
SYS-278	Zone A	3	326	2025-05-05	2025-11-22	2	Yes	4.02	0.08	Medium
SYS-279	Zone A	3	221	2025-05-13	2025-12-11	3	No	5.78	0.51	Medium
SYS-280	Zone A	3	12	2025-08-14	2025-11-02	4	No	3.08	0.34	Medium
SYS-281	Zone B	1	393	2025-09-18	2025-11-28	2	No	4.77	0.33	Medium
SYS-282	Zone B	4	188	2025-06-01	2025-11-29	2	Yes	7.93	0.6	High
SYS-283	Zone B	5	351	2025-09-30	2025-11-26	4	Yes	9.81	0.32	High
SYS-284	Zone B	2	312	2025-09-03	2025-11-18	2	Yes	9.32	0.78	Low
SYS-285	Zone B	2	341	2025-05-26	2025-11-08	4	No	9.34	0.07	Low
SYS-286	Zone C	3	47	2025-06-15	2025-11-26	4	Yes	4.02	0.66	Medium
SYS-287	Zone A	4	248	2025-06-07	2025-12-20	3	No	4.69	0.81	High
SYS-288	Zone A	1	178	2025-06-08	2025-12-10	1	No	7.06	0.67	Low
SYS-289	Zone A	4	352	2025-05-29	2025-12-07	4	No	9.22	0.5	High
SYS-290	Zone A	4	323	2025-06-15	2025-11-10	3	No	1.42	0.95	High
SYS-291	Zone A	1	315	2025-09-18	2025-10-29	1	Yes	3.04	0.3	Medium
SYS-292	Zone A	3	39	2025-06-28	2025-12-16	2	No	1.39	0.02	Low
SYS-293	Zone A	4	199	2025-06-24	2025-12-01	1	Yes	6.12	0.43	Medium
SYS-294	Zone A	2	366	2025-09-29	2025-12-18	4	No	3.06	0.03	Low
SYS-295	Zone C	1	34	2025-05-16	2025-11-15	4	Yes	3.26	0.95	Low
SYS-296	Zone A	5	121	2025-09-13	2025-11-08	4	Yes	0.71	0.21	Low
SYS-297	Zone C	3	215	2025-07-04	2025-11-25	4	No	3.5	0.79	Low
SYS-298	Zone B	1	194	2025-08-31	2025-12-19	4	No	8.62	0.77	Low
SYS-299	Zone A	5	391	2025-10-13	2025-12-12	3	No	2.33	0.22	Low
SYS-300	Zone B	5	388	2025-09-24	2025-11-12	4	Yes	6.95	0.62	High
SYS-301	Zone B	4	56	2025-09-24	2025-11-01	3	No	6.3	0.05	Medium
SYS-302	Zone B	4	383	2025-09-30	2025-11-04	2	No	8.63	0.48	High
SYS-303	Zone C	4	237	2025-09-21	2025-11-01	4	Yes	1.32	0.01	Low
SYS-304	Zone B	1	48	2025-07-16	2025-11-27	4	No	9.78	0.92	Low
SYS-305	Zone B	1	25	2025-09-23	2025-11-17	1	Yes	5.83	0.98	Medium
SYS-306	Zone B	3	31	2025-07-02	2025-11-15	2	No	9.95	0.22	Low
SYS-307	Zone A	4	222	2025-08-21	2025-11-13	4	Yes	9.12	0.21	High
SYS-308	Zone A	5	319	2025-09-03	2025-12-12	4	Yes	2.22	0.75	High
SYS-309	Zone C	2	158	2025-05-27	2025-11-13	2	No	0.56	0.25	Low
SYS-310	Zone C	3	250	2025-10-17	2025-11-30	3	Yes	2.56	0.9	Low
SYS-311	Zone A	1	281	2025-09-16	2025-11-23	4	No	5.28	0.57	Medium
SYS-312	Zone C	3	68	2025-09-02	2025-11-12	1	No	1.72	0.35	Medium
SYS-313	Zone A	3	296	2025-10-04	2025-10-27	4	Yes	1.67	0.83	Low
SYS-314	Zone B	3	211	2025-05-02	2025-10-26	1	No	4.63	0.49	Medium
SYS-315	Zone B	3	41	2025-05-16	2025-12-11	1	Yes	0.33	0.91	Low
SYS-316	Zone C	2	171	2025-09-05	2025-10-30	4	Yes	1.22	0.93	Low
SYS-317	Zone A	4	264	2025-06-26	2025-11-14	4	Yes	4.16	0.17	Medium
SYS-318	Zone A	5	263	2025-10-15	2025-11-05	1	Yes	0.63	0.0	Low
SYS-319	Zone C	3	18	2025-07-14	2025-12-06	2	Yes	3.97	0.98	Low
SYS-320	Zone A	3	148	2025-06-19	2025-10-27	2	Yes	4.74	0.91	Medium
SYS-321	Zone B	3	19	2025-09-14	2025-10-28	4	Yes	4.51	0.06	Medium
SYS-322	Zone C	4	223	2025-09-27	2025-11-17	3	Yes	8.69	0.83	High
SYS-323	Zone C	1	282	2025-07-20	2025-12-19	2	No	5.3	0.46	Medium
SYS-324	Zone A	1	333	2025-09-05	2025-11-06	4	No	4.68	0.26	Medium
SYS-325	Zone C	2	57	2025-07-18	2025-11-14	2	Yes	4.11	0.88	Medium
SYS-326	Zone A	1	120	2025-07-14	2025-10-30	3	No	8.18	0.2	Low
SYS-327	Zone A	3	162	2025-06-27	2025-12-01	4	No	8.95	0.95	Low
SYS-328	Zone A	3	132	2025-05-14	2025-12-02	3	No	8.53	0.21	Low
SYS-329	Zone A	3	366	2025-05-13	2025-11-24	4	No	6.74	0.61	Medium
SYS-330	Zone A	2	111	2025-08-15	2025-11-03	3	No	1.37	0.22	Low
SYS-331	Zone C	3	250	2025-06-15	2025-11-28	2	No	2.77	0.55	Medium
SYS-332	Zone B	1	330	2025-10-03	2025-12-17	2	Yes	0.46	0.68	Low
SYS-333	Zone B	4	200	2025-09-26	2025-12-08	3	No	9.31	0.19	High
SYS-334	Zone C	4	226	2025-08-28	2025-11-29	3	No	6.61	0.52	Medium
SYS-335	Zone C	5	60	2025-08-24	2025-12-16	3	No	7.46	0.47	High
SYS-336	Zone B	1	301	2025-08-15	2025-12-22	4	No	3.12	0.07	Low
SYS-337	Zone B	3	90	2025-07-09	2025-11-16	2	Yes	8.46	0.82	Low
SYS-338	Zone B	4	392	2025-04-30	2025-12-08	4	Yes	2.6	0.34	Medium
SYS-339	Zone B	1	97	2025-09-27	2025-11-18	2	Yes	0.02	0.57	Medium
SYS-340	Zone B	4	203	2025-06-29	2025-11-11	1	Yes	3.76	0.51	Medium
SYS-341	Zone A	3	113	2025-09-19	2025-11-04	4	No	5.71	0.51	Medium
SYS-342	Zone C	4	280	2025-04-29	2025-11-24	2	Yes	4.79	0.11	Medium
SYS-343	Zone A	5	105	2025-07-27	2025-12-20	2	Yes	8.62	0.42	High
SYS-344	Zone B	5	388	2025-05-23	2025-12-23	4	Yes	1.05	0.45	Medium
SYS-345	Zone B	4	207	2025-06-16	2025-12-10	4	Yes	5.54	0.73	High
SYS-346	Zone B	1	10	2025-05-19	2025-11-17	2	No	5.13	0.84	Medium
SYS-347	Zone A	1	387	2025-06-13	2025-11-26	4	Yes	2.81	0.54	Medium
SYS-348	Zone A	1	176	2025-10-04	2025-11-11	3	No	8.22	0.09	Low
SYS-349	Zone B	4	135	2025-07-09	2025-12-14	4	Yes	7.53	0.24	High
SYS-350	Zone A	1	322	2025-05-13	2025-12-15	4	No	7.33	0.16	Low
SYS-351	Zone A	3	90	2025-06-06	2025-11-11	4	No	8.76	0.12	Low
SYS-352	Zone B	5	260	2025-09-08	2025-11-08	2	Yes	7.23	0.37	High
SYS-353	Zone A	3	178	2025-09-12	2025-11-03	3	Yes	2.32	0.23	Low
SYS-354	Zone C	1	82	2025-05-04	2025-12-04	1	Yes	7.06	0.22	Low
SYS-355	Zone C	3	150	2025-09-25	2025-10-27	1	Yes	3.08	0.05	Low
SYS-356	Zone C	1	79	2025-07-14	2025-12-09	3	No	2.42	0.02	Low
SYS-357	Zone C	4	271	2025-09-01	2025-11-19	3	No	0.73	0.1	Low
SYS-358	Zone B	3	349	2025-05-21	2025-12-03	3	Yes	7.44	0.17	Low
SYS-359	Zone B	4	317	2025-05-22	2025-11-03	2	Yes	7.11	0.43	High
SYS-360	Zone B	4	254	2025-10-08	2025-12-18	1	No	2.34	0.51	Medium
SYS-361	Zone C	2	12	2025-08-22	2025-11-16	3	Yes	7.49	0.14	Low
SYS-362	Zone C	1	346	2025-06-08	2025-12-07	2	No	9.18	0.42	Medium
SYS-363	Zone A	5	72	2025-08-25	2025-12-10	1	Yes	1.08	0.34	Medium
SYS-364	Zone A	1	58	2025-09-15	2025-10-29	4	No	2.33	0.18	Low
SYS-365	Zone C	5	85	2025-05-01	2025-11-20	2	No	7.5	0.01	High
SYS-366	Zone C	1	377	2025-10-01	2025-12-22	1	No	2.75	0.47	Medium
SYS-367	Zone C	4	184	2025-08-17	2025-11-23	2	No	6.25	0.69	High
SYS-368	Zone C	3	118	2025-10-13	2025-12-09	1	No	0.81	0.23	Low
SYS-369	Zone A	3	192	2025-05-30	2025-11-28	1	Yes	4.52	0.13	Medium
SYS-370	Zone C	2	201	2025-06-01	2025-11-17	4	No	7.39	0.89	Low
SYS-371	Zone A	5	74	2025-06-28	2025-12-01	2	Yes	6.87	0.28	Medium
SYS-372	Zone C	5	346	2025-05-31	2025-11-05	3	No	8.15	0.22	High
SYS-373	Zone C	5	280	2025-07-21	2025-10-31	4	No	8.77	0.86	High
SYS-374	Zone C	4	109	2025-07-15	2025-11-12	4	Yes	7.73	0.82	High
SYS-375	Zone A	5	41	2025-08-16	2025-11-15	1	Yes	6.72	0.45	Medium
SYS-376	Zone A	3	361	2025-09-19	2025-12-06	3	Yes	0.32	0.49	Medium
SYS-377	Zone B	4	137	2025-07-27	2025-11-30	2	Yes	5.35	0.22	Medium
SYS-378	Zone C	1	378	2025-08-31	2025-12-05	3	No	0.38	0.08	Low
SYS-379	Zone B	5	348	2025-05-21	2025-12-02	3	Yes	8.08	0.57	High
SYS-380	Zone B	5	52	2025-08-19	2025-11-28	3	No	3.21	0.1	Low
SYS-381	Zone A	1	381	2025-06-18	2025-11-11	3	Yes	5.62	0.45	Medium
SYS-382	Zone A	5	87	2025-05-24	2025-12-01	3	Yes	2.79	0.94	High
SYS-383	Zone B	1	323	2025-08-24	2025-11-19	1	No	7.83	0.95	Low
SYS-384	Zone C	4	298	2025-08-24	2025-12-02	1	No	8.87	0.24	High
SYS-385	Zone A	3	279	2025-07-27	2025-12-22	4	Yes	3.99	0.62	Low
SYS-386	Zone C	1	171	2025-09-02	2025-11-06	1	No	8.63	0.47	Medium
SYS-387	Zone C	2	198	2025-05-04	2025-11-17	4	No	2.67	0.88	Low
SYS-388	Zone B	1	256	2025-08-12	2025-12-17	4	No	5.35	0.27	Medium
SYS-389	Zone B	5	397	2025-10-06	2025-12-06	2	No	8.59	0.0	High
SYS-390	Zone B	4	225	2025-08-28	2025-11-16	3	No	3.26	0.16	Low
SYS-391	Zone B	4	324	2025-07-12	2025-11-15	1	No	9.54	0.35	High
SYS-392	Zone A	1	348	2025-10-13	2025-11-21	2	No	1.22	0.32	Medium
SYS-393	Zone A	3	399	2025-08-29	2025-12-21	1	No	0.18	0.79	Low
SYS-394	Zone B	2	386	2025-08-22	2025-11-25	4	Yes	9.04	0.68	Low
SYS-395	Zone A	4	177	2025-07-05	2025-10-31	1	No	0.69	0.3	Medium
SYS-396	Zone B	5	348	2025-10-16	2025-11-21	3	Yes	9.92	0.46	High
SYS-397	Zone C	5	202	2025-07-10	2025-12-04	4	No	9.51	0.1	High
SYS-398	Zone C	3	292	2025-10-15	2025-11-28	4	No	1.37	0.9	Low
SYS-399	Zone C	4	345	2025-07-04	2025-11-06	2	No	5.38	0.94	High
SYS-400	Zone B	1	399	2025-06-27	2025-12-09	3	No	1.85	0.98	Low
SYS-401	Zone C	5	22	2025-07-19	2025-12-21	4	Yes	4.28	0.87	High
SYS-402	Zone A	3	249	2025-09-04	2025-12-17	3	Yes	0.61	0.17	Low
SYS-403	Zone C	4	329	2025-07-14	2025-11-01	1	No	2.24	0.05	Low
SYS-404	Zone C	4	156	2025-08-27	2025-11-04	3	Yes	3.63	0.58	Medium
SYS-405	Zone C	4	213	2025-05-06	2025-12-09	4	No	4.39	0.91	High
SYS-406	Zone A	4	89	2025-08-30	2025-11-11	2	No	9.77	0.18	High
SYS-407	Zone B	4	388	2025-05-30	2025-11-20	4	Yes	8.08	0.01	High
SYS-408	Zone A	5	52	2025-10-08	2025-11-15	3	Yes	7.37	0.81	High
SYS-409	Zone B	3	98	2025-06-29	2025-11-22	3	No	5.37	0.08	Medium
SYS-410	Zone B	4	157	2025-06-19	2025-12-22	4	No	8.4	0.41	High
SYS-411	Zone C	2	104	2025-07-07	2025-12-10	3	Yes	3.39	0.68	Low
SYS-412	Zone B	2	160	2025-05-16	2025-10-27	1	No	7.09	0.24	Low
SYS-413	Zone A	3	11	2025-05-27	2025-12-18	4	Yes	9.94	0.08	Low
SYS-414	Zone A	1	385	2025-05-29	2025-12-07	2	No	3.15	0.77	Low
SYS-415	Zone B	1	31	2025-06-23	2025-10-26	4	No	6.74	0.63	Medium
SYS-416	Zone C	1	380	2025-08-19	2025-12-15	1	Yes	8.44	0.99	Low
SYS-417	Zone C	2	322	2025-10-02	2025-12-17	1	Yes	9.16	0.34	Medium
SYS-418	Zone A	1	337	2025-07-21	2025-11-30	1	Yes	7.18	0.06	Low
SYS-419	Zone C	5	16	2025-08-24	2025-12-15	1	No	2.84	0.73	High
SYS-420	Zone B	4	215	2025-07-23	2025-11-20	1	No	3.26	0.52	Medium
SYS-421	Zone B	2	384	2025-06-26	2025-11-23	2	No	0.21	0.21	Low
SYS-422	Zone A	3	123	2025-08-20	2025-11-15	3	No	7.61	0.78	Low
SYS-423	Zone B	3	281	2025-09-28	2025-11-05	1	Yes	0.43	0.2	Low
SYS-424	Zone A	4	92	2025-06-16	2025-12-04	1	No	8.65	0.26	High
SYS-425	Zone B	2	188	2025-06-06	2025-11-05	4	No	1.19	0.09	Low
SYS-426	Zone A	1	219	2025-06-03	2025-11-30	2	No	1.72	0.4	Medium
SYS-427	Zone C	1	337	2025-06-14	2025-12-13	2	Yes	4.77	0.42	Medium
SYS-428	Zone B	5	133	2025-08-24	2025-12-23	3	No	7.38	0.51	High
SYS-429	Zone B	5	122	2025-06-21	2025-12-03	2	No	1.39	0.71	High
SYS-430	Zone A	1	21	2025-10-20	2025-12-04	4	Yes	4.4	0.91	Medium
SYS-431	Zone A	3	135	2025-09-17	2025-11-29	4	No	4.83	0.14	Medium
SYS-432	Zone B	3	62	2025-07-17	2025-12-18	3	No	2.12	0.05	Low
SYS-433	Zone A	5	340	2025-06-17	2025-11-28	4	Yes	1.16	0.02	Low
SYS-434	Zone B	4	398	2025-06-25	2025-12-19	1	No	8.36	0.14	High
SYS-435	Zone C	1	292	2025-09-03	2025-12-11	1	No	5.02	0.66	Medium
SYS-436	Zone A	5	149	2025-07-24	2025-11-18	4	No	0.14	0.73	High
SYS-437	Zone B	5	399	2025-06-26	2025-12-18	3	Yes	8.03	0.79	High
SYS-438	Zone C	1	106	2025-06-14	2025-11-16	2	No	9.81	0.24	Low
SYS-439	Zone C	1	14	2025-10-05	2025-10-30	3	No	6.06	0.31	Medium
SYS-440	Zone B	3	66	2025-08-13	2025-12-20	2	Yes	5.04	0.48	Medium
SYS-441	Zone A	4	343	2025-09-29	2025-11-27	4	Yes	8.78	0.06	High
SYS-442	Zone B	4	78	2025-07-20	2025-12-22	4	No	9.53	0.61	High
SYS-443	Zone C	1	127	2025-08-06	2025-11-30	1	No	7.55	0.98	Low
SYS-444	Zone B	2	385	2025-05-20	2025-12-11	2	No	4.45	0.36	Medium
SYS-445	Zone A	5	68	2025-05-30	2025-11-14	3	No	5.92	0.75	High
SYS-446	Zone C	5	42	2025-07-27	2025-11-13	4	Yes	7.01	0.5	High
SYS-447	Zone B	1	327	2025-09-22	2025-11-29	3	No	1.94	0.13	Low
SYS-448	Zone A	2	59	2025-08-13	2025-12-16	1	Yes	4.47	0.58	Medium
SYS-449	Zone C	3	377	2025-09-04	2025-12-07	2	Yes	8.3	0.3	Medium
SYS-450	Zone A	1	28	2025-07-19	2025-11-11	2	No	6.55	0.03	Medium
SYS-451	Zone C	1	223	2025-05-30	2025-12-23	4	No	4.11	0.63	Medium
SYS-452	Zone B	5	206	2025-07-28	2025-12-09	2	Yes	6.63	0.86	High
SYS-453	Zone A	1	388	2025-09-12	2025-12-07	4	Yes	1.18	0.34	Medium
SYS-454	Zone C	1	56	2025-07-13	2025-11-28	1	No	4.01	0.39	Medium
SYS-455	Zone A	1	176	2025-09-18	2025-11-03	2	Yes	7.93	0.89	Low
SYS-456	Zone A	5	298	2025-07-12	2025-11-20	4	No	2.21	0.81	High
SYS-457	Zone B	3	150	2025-09-28	2025-10-27	3	No	1.86	0.71	Low
SYS-458	Zone A	3	93	2025-10-11	2025-12-17	4	Yes	9.51	0.25	Low
SYS-459	Zone C	1	191	2025-08-13	2025-11-03	2	Yes	2.1	0.91	Low
SYS-460	Zone C	5	88	2025-07-13	2025-11-03	1	No	2.61	0.15	Low
SYS-461	Zone C	3	224	2025-09-17	2025-12-04	2	Yes	9.7	0.63	Low
SYS-462	Zone C	3	23	2025-06-05	2025-11-11	2	No	7.35	0.03	Low
SYS-463	Zone B	3	224	2025-05-27	2025-10-26	4	No	7.0	0.64	Medium
SYS-464	Zone A	5	137	2025-07-17	2025-11-19	3	No	8.53	0.28	High
SYS-465	Zone B	5	319	2025-10-20	2025-12-07	2	Yes	1.16	0.45	Medium
SYS-466	Zone A	1	257	2025-08-13	2025-12-04	3	No	7.06	0.35	Medium
SYS-467	Zone A	4	38	2025-10-17	2025-12-06	4	No	5.04	0.17	Medium
SYS-468	Zone A	3	289	2025-10-05	2025-11-19	3	No	8.29	0.62	Low
SYS-469	Zone B	4	347	2025-09-27	2025-12-03	4	No	5.08	0.88	High
SYS-470	Zone A	5	328	2025-08-02	2025-11-29	1	No	6.2	0.96	High
SYS-471	Zone B	5	211	2025-10-19	2025-10-28	3	No	4.78	0.19	Medium
SYS-472	Zone C	5	370	2025-06-15	2025-12-14	3	No	4.78	0.72	High
SYS-473	Zone C	4	66	2025-05-14	2025-12-01	1	No	7.68	0.66	High
SYS-474	Zone A	5	227	2025-07-29	2025-12-08	3	No	6.29	0.34	Medium
SYS-475	Zone B	1	71	2025-05-22	2025-12-08	1	No	6.33	0.02	Medium
SYS-476	Zone C	5	166	2025-06-03	2025-12-15	2	No	4.5	0.69	High
SYS-477	Zone B	2	211	2025-05-11	2025-11-24	4	Yes	5.31	0.95	Medium
SYS-478	Zone B	4	26	2025-06-19	2025-12-02	1	No	7.46	0.63	High
SYS-479	Zone A	2	331	2025-09-18	2025-11-28	3	No	8.26	0.44	Medium
SYS-480	Zone C	5	15	2025-05-13	2025-11-06	1	No	6.97	0.53	Medium
SYS-481	Zone A	1	67	2025-05-03	2025-11-13	3	Yes	9.24	0.2	Low
SYS-482	Zone A	3	334	2025-07-12	2025-12-01	2	No	8.2	0.75	Low
SYS-483	Zone C	5	327	2025-10-09	2025-12-08	1	Yes	5.62	0.75	High
SYS-484	Zone C	1	178	2025-08-15	2025-12-23	2	No	6.71	0.15	Medium
SYS-485	Zone B	4	91	2025-08-17	2025-12-23	4	No	9.26	0.88	High
SYS-486	Zone C	2	228	2025-05-13	2025-12-13	3	Yes	6.19	0.27	Medium
SYS-487	Zone B	2	186	2025-05-06	2025-11-11	3	No	8.25	0.98	Low
SYS-488	Zone B	2	213	2025-08-08	2025-11-04	2	Yes	6.89	0.38	Medium
SYS-489	Zone B	4	80	2025-09-08	2025-12-21	4	Yes	5.52	0.18	Medium
SYS-490	Zone C	1	396	2025-09-07	2025-12-19	1	No	2.42	0.35	Medium
SYS-491	Zone A	4	275	2025-09-22	2025-12-13	1	No	4.26	0.44	Medium
SYS-492	Zone B	2	107	2025-06-02	2025-12-11	3	No	9.68	0.07	Low
SYS-493	Zone A	5	354	2025-10-09	2025-11-06	2	No	6.58	0.58	Medium
SYS-494	Zone A	3	300	2025-07-18	2025-11-10	2	Yes	5.64	0.6	Medium
SYS-495	Zone C	4	217	2025-09-05	2025-11-18	1	Yes	9.33	0.74	High
SYS-496	Zone A	4	11	2025-06-13	2025-11-13	4	No	5.87	0.03	Medium
SYS-497	Zone A	1	133	2025-09-16	2025-11-02	4	Yes	5.26	0.54	Medium
SYS-498	Zone C	1	289	2025-08-01	2025-11-25	1	Yes	7.59	0.05	Low
SYS-499	Zone B	4	83	2025-07-23	2025-11-15	1	No	7.13	0.7	High
SYS-500	Zone A	2	175	2025-10-13	2025-11-11	2	Yes	1.93	0.06	Low
SYS-501	Zone C	3	31	2025-07-20	2025-11-17	4	Yes	4.71	0.91	Medium
SYS-502	Zone A	1	163	2025-05-20	2025-12-01	1	No	4.73	0.7	Medium
SYS-503	Zone A	2	304	2025-07-23	2025-12-18	1	Yes	3.78	0.51	Medium
SYS-504	Zone B	5	228	2025-05-12	2025-11-10	3	No	5.17	0.44	Medium
SYS-505	Zone A	1	166	2025-06-28	2025-10-31	1	Yes	4.13	0.13	Medium
SYS-506	Zone C	2	239	2025-07-08	2025-11-02	1	No	1.99	0.29	Low
SYS-507	Zone A	2	29	2025-06-08	2025-11-19	4	Yes	4.12	0.87	Medium
SYS-508	Zone B	3	50	2025-08-24	2025-11-12	2	Yes	0.72	0.9	Low
SYS-509	Zone B	3	157	2025-06-29	2025-11-19	4	No	5.76	0.0	Medium
SYS-510	Zone C	5	117	2025-08-07	2025-11-06	2	No	8.54	0.59	High
SYS-511	Zone B	2	93	2025-05-17	2025-11-09	3	No	7.25	0.72	Low
SYS-512	Zone A	2	376	2025-06-23	2025-12-23	1	No	3.6	0.62	Low
SYS-513	Zone B	3	331	2025-05-10	2025-11-20	3	Yes	0.87	0.08	Low
SYS-514	Zone C	1	318	2025-09-30	2025-12-05	2	Yes	2.02	0.22	Low
SYS-515	Zone B	1	299	2025-05-10	2025-12-09	4	Yes	5.45	0.25	Medium
SYS-516	Zone B	4	332	2025-06-05	2025-11-20	4	No	2.07	0.83	High
SYS-517	Zone B	3	143	2025-07-12	2025-12-11	3	Yes	5.44	0.46	Medium
SYS-518	Zone C	4	216	2025-05-22	2025-11-26	2	Yes	2.32	0.49	Medium
SYS-519	Zone B	3	292	2025-07-14	2025-11-04	3	No	8.49	0.93	Low
SYS-520	Zone B	5	275	2025-09-15	2025-11-10	3	No	3.97	0.64	High
SYS-521	Zone A	2	82	2025-07-17	2025-11-01	1	Yes	2.46	0.9	Low
SYS-522	Zone C	5	361	2025-05-22	2025-11-11	3	No	8.12	0.46	High
SYS-523	Zone B	3	57	2025-05-23	2025-11-17	1	Yes	3.43	0.15	Low
SYS-524	Zone C	2	335	2025-09-14	2025-11-20	1	Yes	1.11	0.93	Low
SYS-525	Zone B	1	242	2025-10-09	2025-11-15	4	No	5.7	0.46	Medium
SYS-526	Zone B	1	109	2025-06-30	2025-11-16	1	Yes	5.82	0.18	Medium
SYS-527	Zone B	4	68	2025-10-08	2025-12-22	1	No	7.15	0.3	High
SYS-528	Zone A	3	267	2025-09-28	2025-11-01	4	No	2.4	0.05	Low
SYS-529	Zone A	3	74	2025-07-14	2025-11-08	3	Yes	4.44	0.47	Medium
SYS-530	Zone A	1	92	2025-07-08	2025-11-09	2	Yes	2.82	0.85	Low
SYS-531	Zone C	5	163	2025-09-21	2025-12-17	2	Yes	0.81	0.93	High
SYS-532	Zone C	2	275	2025-10-04	2025-11-01	2	No	8.77	0.93	Low
SYS-533	Zone A	5	318	2025-06-30	2025-11-03	3	Yes	7.29	0.13	High
SYS-534	Zone C	5	88	2025-08-20	2025-12-15	1	No	3.01	0.38	Medium
SYS-535	Zone B	1	324	2025-07-29	2025-12-12	2	No	5.99	0.03	Medium
SYS-536	Zone B	1	159	2025-07-01	2025-11-02	3	Yes	2.01	0.86	Low
SYS-537	Zone B	1	57	2025-07-27	2025-12-14	1	No	8.9	0.36	Medium
SYS-538	Zone A	4	388	2025-06-02	2025-12-23	4	Yes	1.15	0.63	High
SYS-539	Zone C	5	257	2025-10-02	2025-11-17	2	Yes	0.04	0.71	High
SYS-540	Zone A	3	287	2025-07-13	2025-11-23	1	Yes	5.02	0.43	Medium
SYS-541	Zone C	2	365	2025-06-03	2025-11-12	2	Yes	5.83	0.31	Medium
SYS-542	Zone B	4	107	2025-05-27	2025-11-25	2	Yes	5.79	0.96	High
SYS-543	Zone A	3	34	2025-08-06	2025-11-24	2	Yes	0.55	0.96	Low
SYS-544	Zone C	5	293	2025-10-12	2025-12-16	1	Yes	3.14	0.29	Low
SYS-545	Zone C	1	378	2025-09-23	2025-12-03	3	No	4.99	0.48	Medium
SYS-546	Zone B	5	310	2025-06-15	2025-11-29	1	Yes	2.17	0.97	High
SYS-547	Zone A	2	77	2025-08-30	2025-11-12	2	No	8.73	0.0	Low
SYS-548	Zone A	4	16	2025-07-30	2025-12-23	1	No	0.87	0.41	Medium
SYS-549	Zone A	4	314	2025-07-02	2025-12-06	4	No	4.87	0.1	Medium
SYS-550	Zone B	2	146	2025-05-30	2025-12-03	3	Yes	6.91	0.51	Medium
SYS-551	Zone A	3	173	2025-06-26	2025-11-11	1	No	2.62	0.02	Low
SYS-552	Zone B	3	92	2025-08-13	2025-11-08	4	No	6.24	0.41	Medium
SYS-553	Zone B	4	394	2025-07-14	2025-11-25	3	Yes	8.29	0.22	High
SYS-554	Zone B	4	147	2025-06-03	2025-11-18	4	Yes	1.9	0.53	Medium
SYS-555	Zone C	1	82	2025-09-26	2025-11-29	3	No	9.17	1.0	Low
SYS-556	Zone A	3	246	2025-06-20	2025-12-08	1	Yes	5.54	0.8	Medium
SYS-557	Zone A	2	55	2025-08-29	2025-12-09	4	Yes	2.99	0.85	Low
SYS-558	Zone B	3	115	2025-05-23	2025-11-28	2	Yes	4.31	0.64	Medium
SYS-559	Zone B	1	297	2025-05-30	2025-10-28	4	Yes	3.12	0.04	Low
SYS-560	Zone A	4	271	2025-08-25	2025-12-01	3	No	7.25	0.21	High
SYS-561	Zone B	4	185	2025-09-12	2025-12-07	1	Yes	7.96	0.93	High
SYS-562	Zone A	1	175	2025-07-04	2025-12-04	3	Yes	8.33	0.37	Medium
SYS-563	Zone C	2	154	2025-09-09	2025-11-20	4	Yes	9.86	0.1	Low
SYS-564	Zone B	4	339	2025-05-07	2025-12-19	4	No	7.91	0.7	High
SYS-565	Zone A	5	379	2025-06-01	2025-11-17	2	No	6.01	0.3	Medium
SYS-566	Zone B	4	292	2025-06-21	2025-12-08	1	Yes	3.39	0.27	Low
SYS-567	Zone A	5	63	2025-06-10	2025-12-03	1	Yes	5.45	1.0	High
SYS-568	Zone A	1	187	2025-05-11	2025-11-09	4	No	0.41	0.86	Low
SYS-569	Zone B	1	253	2025-08-07	2025-12-20	1	Yes	7.45	0.41	Medium
SYS-570	Zone C	4	350	2025-05-28	2025-12-13	2	Yes	4.46	0.98	High
SYS-571	Zone A	3	136	2025-08-06	2025-10-29	3	No	0.2	0.65	Low
SYS-572	Zone A	5	376	2025-10-12	2025-11-23	1	Yes	0.63	0.74	High
SYS-573	Zone A	2	280	2025-08-08	2025-11-16	4	Yes	3.87	0.03	Low
SYS-574	Zone C	4	141	2025-05-29	2025-11-19	3	No	5.83	0.12	Medium
SYS-575	Zone C	2	102	2025-10-14	2025-11-07	3	No	4.64	0.63	Medium
SYS-576	Zone B	4	388	2025-04-30	2025-11-12	2	Yes	6.19	0.9	High
SYS-577	Zone C	3	82	2025-06-02	2025-11-27	4	No	4.8	0.62	Medium
SYS-578	Zone B	3	257	2025-05-06	2025-11-10	1	Yes	6.62	0.13	Medium
SYS-579	Zone B	3	357	2025-05-04	2025-12-09	4	Yes	2.19	0.12	Low
SYS-580	Zone C	3	282	2025-06-06	2025-12-06	3	Yes	1.13	0.84	Low
SYS-581	Zone B	1	52	2025-09-24	2025-12-08	4	No	5.96	0.14	Medium
SYS-582	Zone C	1	386	2025-06-21	2025-10-27	1	No	4.85	0.52	Medium
SYS-583	Zone B	5	50	2025-10-16	2025-12-19	1	Yes	0.27	0.04	Low
SYS-584	Zone C	2	179	2025-09-22	2025-11-29	2	Yes	3.8	0.08	Low
SYS-585	Zone C	4	221	2025-05-09	2025-12-06	1	No	1.06	0.67	High
SYS-586	Zone B	4	177	2025-05-08	2025-11-28	1	No	5.31	0.69	High
SYS-587	Zone A	1	48	2025-07-30	2025-11-24	4	No	3.96	0.34	Medium
SYS-588	Zone B	4	378	2025-06-07	2025-12-23	4	Yes	6.13	0.22	Medium
SYS-589	Zone C	1	254	2025-07-04	2025-12-19	3	No	8.06	0.81	Low
SYS-590	Zone A	5	160	2025-08-17	2025-11-07	2	No	3.0	0.22	Low
SYS-591	Zone B	2	120	2025-07-27	2025-11-07	4	Yes	9.62	0.54	Medium
SYS-592	Zone B	5	56	2025-05-29	2025-11-12	1	Yes	5.36	0.97	High
SYS-593	Zone B	3	72	2025-08-11	2025-11-26	3	Yes	6.18	0.15	Medium
SYS-594	Zone A	3	234	2025-09-06	2025-11-26	4	No	6.81	0.94	Medium
SYS-595	Zone C	3	375	2025-06-11	2025-11-29	2	Yes	6.67	0.18	Medium
SYS-596	Zone B	5	78	2025-09-15	2025-12-23	2	Yes	5.11	0.57	Medium
SYS-597	Zone B	4	308	2025-08-12	2025-12-03	3	Yes	4.29	0.38	Medium
SYS-598	Zone B	2	299	2025-05-15	2025-12-10	3	Yes	0.54	0.96	Low
SYS-599	Zone B	3	305	2025-10-02	2025-12-16	3	No	0.22	0.27	Low
SYS-600	Zone B	3	212	2025-07-05	2025-11-23	3	Yes	3.58	0.4	Medium
SYS-601	Zone C	3	70	2025-05-07	2025-12-13	3	No	3.34	0.98	Low
SYS-602	Zone C	2	327	2025-07-22	2025-11-23	1	No	3.88	0.54	Medium
SYS-603	Zone B	3	323	2025-07-23	2025-12-17	1	No	1.38	0.5	Medium
SYS-604	Zone A	2	170	2025-10-02	2025-12-08	4	Yes	7.38	0.26	Low
SYS-605	Zone C	3	340	2025-09-12	2025-12-21	2	No	8.57	0.7	Low
SYS-606	Zone A	5	25	2025-06-17	2025-11-10	1	Yes	9.39	0.01	High
SYS-607	Zone C	5	347	2025-05-01	2025-12-20	1	Yes	4.92	0.05	Medium
SYS-608	Zone B	2	103	2025-06-02	2025-12-08	1	Yes	7.01	0.6	Medium
SYS-609	Zone C	5	313	2025-06-17	2025-12-11	4	No	8.56	0.34	High
SYS-610	Zone B	2	147	2025-08-24	2025-12-21	3	Yes	4.18	0.95	Medium
SYS-611	Zone C	5	347	2025-05-26	2025-11-04	4	Yes	3.09	0.9	High
SYS-612	Zone B	5	47	2025-08-21	2025-11-24	2	Yes	9.37	0.71	High
SYS-613	Zone B	2	136	2025-06-16	2025-11-19	2	No	5.16	0.82	Medium
SYS-614	Zone B	4	284	2025-07-08	2025-12-03	2	No	4.97	0.67	High
SYS-615	Zone B	5	173	2025-05-07	2025-11-14	2	No	1.78	0.13	Low
SYS-616	Zone A	3	328	2025-10-20	2025-10-30	1	Yes	1.08	0.77	Low
SYS-617	Zone B	4	86	2025-06-12	2025-10-26	1	No	8.42	0.21	High
SYS-618	Zone A	2	183	2025-07-21	2025-11-24	4	Yes	6.14	0.32	Medium
SYS-619	Zone A	4	396	2025-06-30	2025-12-13	3	Yes	3.26	0.82	High
SYS-620	Zone B	1	367	2025-05-21	2025-10-28	2	No	1.92	0.54	Medium
SYS-621	Zone A	1	330	2025-08-26	2025-12-09	4	Yes	5.55	0.86	Medium
SYS-622	Zone C	5	385	2025-05-13	2025-11-08	1	No	5.84	0.21	Medium
SYS-623	Zone B	5	100	2025-05-08	2025-12-20	1	Yes	2.07	0.61	High
SYS-624	Zone A	3	247	2025-06-26	2025-11-24	3	No	8.51	0.08	Low
SYS-625	Zone B	4	273	2025-06-09	2025-12-14	3	Yes	0.84	0.64	High
SYS-626	Zone B	1	188	2025-08-24	2025-10-29	3	Yes	3.56	0.76	Low
SYS-627	Zone B	5	218	2025-09-07	2025-11-12	4	Yes	6.8	0.58	Medium
SYS-628	Zone A	4	82	2025-05-01	2025-12-01	1	Yes	2.74	0.27	Low
SYS-629	Zone C	5	399	2025-05-14	2025-11-19	1	Yes	8.28	0.03	High
SYS-630	Zone C	5	116	2025-05-01	2025-12-12	3	No	7.4	0.12	High
SYS-631	Zone A	1	354	2025-08-21	2025-10-26	2	Yes	7.89	0.62	Low
SYS-632	Zone B	1	304	2025-09-04	2025-12-17	3	No	1.19	0.93	Low
SYS-633	Zone A	5	378	2025-05-25	2025-12-10	4	No	1.41	0.21	Low
SYS-634	Zone A	2	293	2025-08-02	2025-11-09	3	No	2.86	0.74	Low
SYS-635	Zone A	5	362	2025-06-25	2025-11-03	3	Yes	5.18	0.87	High
SYS-636	Zone B	5	191	2025-05-10	2025-11-09	4	Yes	7.48	0.52	High
SYS-637	Zone A	3	46	2025-05-27	2025-12-13	3	Yes	8.37	0.67	Low
SYS-638	Zone B	3	146	2025-10-01	2025-12-21	1	No	7.04	0.82	Low
SYS-639	Zone A	3	347	2025-05-28	2025-11-18	2	Yes	9.29	0.26	Low
SYS-640	Zone C	2	65	2025-09-04	2025-10-29	3	Yes	7.39	0.3	Medium
SYS-641	Zone A	2	196	2025-09-02	2025-11-06	4	No	3.06	0.0	Low
SYS-642	Zone A	5	350	2025-10-07	2025-12-23	2	No	2.65	0.96	High
SYS-643	Zone C	3	267	2025-05-31	2025-12-22	4	No	6.96	0.92	Medium
SYS-644	Zone B	2	67	2025-05-15	2025-12-01	2	No	1.93	0.76	Low
SYS-645	Zone B	1	372	2025-10-20	2025-12-01	2	No	0.93	0.08	Low
SYS-646	Zone A	5	132	2025-06-26	2025-12-07	3	No	5.32	0.45	Medium
SYS-647	Zone C	4	197	2025-08-28	2025-10-31	1	Yes	8.22	0.1	High
SYS-648	Zone B	5	239	2025-06-25	2025-12-03	3	No	1.01	0.02	Low
SYS-649	Zone A	4	177	2025-10-18	2025-12-20	4	Yes	7.92	0.62	High
SYS-650	Zone C	3	123	2025-05-30	2025-12-10	4	Yes	8.12	0.96	Low
SYS-651	Zone B	4	261	2025-10-09	2025-11-18	2	Yes	4.82	0.9	High
SYS-652	Zone B	3	116	2025-08-08	2025-11-05	2	No	0.57	0.7	Low
SYS-653	Zone C	1	46	2025-10-05	2025-11-07	1	Yes	1.75	0.1	Low
SYS-654	Zone C	4	344	2025-07-11	2025-11-28	3	No	7.07	0.27	High
SYS-655	Zone C	5	101	2025-05-22	2025-11-19	4	No	7.12	0.32	High
SYS-656	Zone C	3	27	2025-05-18	2025-11-01	2	Yes	8.98	0.76	Low
SYS-657	Zone A	5	363	2025-06-26	2025-12-16	1	No	5.83	0.8	High
SYS-658	Zone C	2	72	2025-10-13	2025-10-29	4	Yes	1.24	0.39	Medium
SYS-659	Zone B	3	159	2025-06-21	2025-12-23	2	Yes	1.21	0.42	Medium
SYS-660	Zone B	4	148	2025-07-21	2025-11-02	4	No	7.21	0.04	High
SYS-661	Zone A	3	195	2025-05-10	2025-11-14	1	Yes	1.84	0.29	Low
SYS-662	Zone B	5	194	2025-07-23	2025-11-23	1	Yes	3.28	0.45	Medium
SYS-663	Zone B	1	214	2025-06-07	2025-12-18	4	Yes	4.87	0.12	Medium
SYS-664	Zone C	3	269	2025-08-22	2025-12-17	3	No	0.25	0.45	Medium
SYS-665	Zone B	4	223	2025-09-23	2025-12-15	4	Yes	2.49	0.85	High
SYS-666	Zone A	2	265	2025-07-12	2025-12-09	2	No	4.08	0.58	Medium
SYS-667	Zone C	1	144	2025-09-10	2025-12-10	3	No	2.8	0.08	Low
SYS-668	Zone C	2	70	2025-05-19	2025-11-04	2	Yes	1.36	0.19	Low
SYS-669	Zone A	3	372	2025-05-29	2025-12-07	4	Yes	7.28	0.47	Medium
SYS-670	Zone C	5	319	2025-05-13	2025-11-28	3	No	8.13	0.36	High
SYS-671	Zone C	5	97	2025-05-17	2025-12-21	2	No	2.57	0.36	Medium
SYS-672	Zone A	4	333	2025-06-02	2025-11-20	4	Yes	7.74	0.53	High
SYS-673	Zone C	5	216	2025-09-05	2025-12-05	4	Yes	3.86	0.58	Medium
SYS-674	Zone A	1	138	2025-09-16	2025-12-13	3	No	5.07	0.8	Medium
SYS-675	Zone A	5	320	2025-06-09	2025-12-22	4	No	8.56	0.34	High
SYS-676	Zone B	4	12	2025-07-31	2025-10-28	1	No	7.5	0.81	High
SYS-677	Zone B	3	251	2025-06-28	2025-12-20	2	No	8.05	0.34	Medium
SYS-678	Zone C	3	130	2025-09-04	2025-10-31	2	No	1.37	0.06	Low
SYS-679	Zone C	5	394	2025-05-21	2025-10-30	4	Yes	0.7	0.55	Medium
SYS-680	Zone A	2	111	2025-10-11	2025-10-30	4	No	8.93	0.59	Medium
SYS-681	Zone C	3	47	2025-08-26	2025-12-18	1	No	3.88	0.93	Low
SYS-682	Zone A	5	350	2025-09-21	2025-12-11	3	Yes	2.88	0.73	High
SYS-683	Zone A	4	142	2025-07-04	2025-11-17	4	Yes	7.25	0.92	High
SYS-684	Zone C	5	211	2025-10-16	2025-12-13	4	No	8.36	0.91	High
SYS-685	Zone A	3	357	2025-06-24	2025-11-03	4	No	8.62	0.6	Medium
SYS-686	Zone B	4	30	2025-09-18	2025-11-29	4	Yes	3.16	0.53	Medium
SYS-687	Zone C	5	251	2025-06-25	2025-11-14	2	No	8.52	0.56	High
SYS-688	Zone B	1	118	2025-08-17	2025-12-22	4	No	0.41	0.98	Low
SYS-689	Zone C	4	312	2025-05-28	2025-12-13	2	Yes	0.5	0.77	High
SYS-690	Zone A	1	93	2025-10-10	2025-12-23	4	No	6.24	0.11	Medium
SYS-691	Zone C	2	92	2025-07-28	2025-12-06	3	Yes	0.63	0.78	Low
SYS-692	Zone B	4	300	2025-09-25	2025-11-29	1	Yes	3.25	0.17	Low
SYS-693	Zone A	1	78	2025-08-19	2025-12-14	3	Yes	6.73	0.45	Medium
SYS-694	Zone C	3	138	2025-07-27	2025-11-12	4	Yes	3.37	0.21	Low
SYS-695	Zone C	3	205	2025-08-23	2025-11-11	4	No	1.8	0.69	Low
SYS-696	Zone C	2	149	2025-09-24	2025-11-18	4	Yes	2.81	0.88	Low
SYS-697	Zone B	4	292	2025-05-13	2025-10-28	3	No	4.58	0.29	Medium
SYS-698	Zone B	4	321	2025-07-15	2025-11-26	4	No	4.75	0.08	Medium
SYS-699	Zone C	4	243	2025-07-08	2025-11-29	3	No	7.83	0.3	High
SYS-700	Zone A	2	32	2025-07-14	2025-12-02	2	No	7.5	0.67	Low
SYS-701	Zone A	4	162	2025-06-14	2025-11-07	1	No	4.57	0.33	Medium
SYS-702	Zone B	3	286	2025-05-25	2025-12-20	1	Yes	8.46	0.28	Low
SYS-703	Zone A	1	70	2025-08-27	2025-12-11	3	Yes	1.14	0.18	Low
SYS-704	Zone B	3	328	2025-10-15	2025-11-19	2	Yes	2.55	0.5	Medium
SYS-705	Zone C	3	387	2025-07-18	2025-11-03	3	Yes	8.28	0.28	Low
SYS-706	Zone B	1	61	2025-06-10	2025-10-29	2	No	3.78	0.73	Low
SYS-707	Zone B	3	353	2025-07-11	2025-11-08	4	Yes	9.81	0.08	Low
SYS-708	Zone C	2	162	2025-10-18	2025-12-01	2	No	4.66	0.66	Medium
SYS-709	Zone A	1	246	2025-09-28	2025-11-28	2	No	7.92	0.24	Low
SYS-710	Zone B	3	320	2025-08-29	2025-11-05	2	Yes	4.02	0.49	Medium
SYS-711	Zone B	5	311	2025-05-09	2025-12-05	1	Yes	4.25	0.29	Medium
SYS-712	Zone C	3	41	2025-07-30	2025-12-20	2	Yes	3.83	0.72	Low
SYS-713	Zone A	2	64	2025-05-29	2025-10-28	4	Yes	7.19	0.95	Low
SYS-714	Zone B	4	361	2025-07-28	2025-12-23	4	No	5.48	0.92	High
SYS-715	Zone C	3	398	2025-08-04	2025-11-22	4	No	9.44	0.58	Medium
SYS-716	Zone B	4	45	2025-07-03	2025-11-23	2	Yes	2.51	0.46	Medium
SYS-717	Zone C	5	119	2025-10-20	2025-11-03	3	No	1.01	0.82	High
SYS-718	Zone A	3	186	2025-08-31	2025-10-28	3	No	3.93	0.68	Low
SYS-719	Zone A	1	371	2025-05-01	2025-11-19	4	No	6.17	0.18	Medium
SYS-720	Zone A	4	323	2025-10-17	2025-11-28	1	Yes	8.61	0.82	High
SYS-721	Zone A	5	304	2025-06-30	2025-11-06	3	No	3.46	0.43	Medium
SYS-722	Zone B	1	345	2025-09-19	2025-12-06	2	Yes	6.54	0.19	Medium
SYS-723	Zone B	1	106	2025-09-17	2025-11-03	3	Yes	3.5	0.28	Low
SYS-724	Zone A	1	378	2025-07-21	2025-11-09	4	No	6.17	0.27	Medium
SYS-725	Zone A	1	222	2025-07-18	2025-12-04	1	No	8.85	0.52	Medium
SYS-726	Zone A	3	326	2025-08-10	2025-11-19	3	Yes	2.31	0.23	Low
SYS-727	Zone B	3	146	2025-09-12	2025-10-30	3	No	4.04	0.12	Medium
SYS-728	Zone A	3	15	2025-05-20	2025-11-05	4	No	9.93	0.12	Low
SYS-729	Zone A	5	118	2025-05-12	2025-12-23	1	Yes	8.69	0.58	High
SYS-730	Zone A	5	44	2025-06-25	2025-11-28	1	Yes	5.65	0.73	High
SYS-731	Zone C	5	48	2025-10-18	2025-11-18	4	Yes	5.17	0.32	Medium
SYS-732	Zone A	2	159	2025-06-20	2025-11-09	2	Yes	2.85	0.03	Low
SYS-733	Zone C	5	127	2025-09-01	2025-12-02	3	No	5.17	0.13	Medium
SYS-734	Zone C	3	270	2025-10-09	2025-11-02	2	No	8.48	0.91	Low
SYS-735	Zone A	3	96	2025-08-28	2025-12-23	3	Yes	6.85	0.49	Medium
SYS-736	Zone C	2	85	2025-06-10	2025-10-30	3	Yes	2.9	0.45	Medium
SYS-737	Zone A	2	322	2025-08-25	2025-12-12	2	Yes	2.01	0.04	Low
SYS-738	Zone B	5	392	2025-05-29	2025-11-20	4	No	2.65	0.73	High
SYS-739	Zone B	4	223	2025-07-01	2025-11-12	4	Yes	1.7	0.53	Medium
SYS-740	Zone B	2	294	2025-09-04	2025-10-31	3	No	0.96	0.2	Low
SYS-741	Zone B	1	248	2025-05-23	2025-12-01	4	Yes	4.19	0.11	Medium
SYS-742	Zone C	3	174	2025-07-28	2025-12-12	3	Yes	1.13	0.38	Medium
SYS-743	Zone A	1	96	2025-06-01	2025-11-07	4	Yes	1.72	0.84	Low
SYS-744	Zone A	3	150	2025-08-16	2025-11-22	3	No	5.47	0.87	Medium
SYS-745	Zone A	3	169	2025-08-07	2025-10-30	4	No	1.65	0.6	Medium
SYS-746	Zone B	2	55	2025-07-10	2025-11-07	1	No	0.64	0.73	Low
SYS-747	Zone B	2	381	2025-05-08	2025-11-11	2	Yes	3.17	0.12	Low
SYS-748	Zone A	1	121	2025-09-13	2025-12-14	1	No	2.2	0.59	Medium
SYS-749	Zone B	3	54	2025-09-01	2025-12-04	2	No	5.15	0.67	Medium
SYS-750	Zone A	1	256	2025-07-15	2025-12-09	2	Yes	1.02	0.2	Low
SYS-751	Zone A	4	113	2025-07-31	2025-11-26	3	Yes	7.52	0.88	High
SYS-752	Zone A	1	94	2025-09-21	2025-11-23	2	No	9.06	0.19	Low
SYS-753	Zone A	5	143	2025-08-03	2025-12-15	1	No	7.43	0.31	High
SYS-754	Zone A	1	117	2025-07-22	2025-12-22	1	No	5.33	0.62	Medium
SYS-755	Zone A	5	27	2025-08-30	2025-10-28	4	No	8.61	0.64	High
SYS-756	Zone A	5	103	2025-05-08	2025-12-20	1	Yes	6.95	0.7	High
SYS-757	Zone B	5	159	2025-08-03	2025-12-04	4	Yes	0.11	0.11	Low
SYS-758	Zone A	4	255	2025-09-21	2025-11-28	2	Yes	3.94	0.85	High
SYS-759	Zone A	1	298	2025-07-07	2025-12-04	1	No	8.51	0.53	Medium
SYS-760	Zone B	1	218	2025-08-31	2025-11-21	2	No	3.46	0.47	Medium
SYS-761	Zone B	4	135	2025-08-01	2025-11-07	1	Yes	0.35	0.98	High
SYS-762	Zone B	3	244	2025-06-10	2025-12-09	1	Yes	7.46	0.74	Low
SYS-763	Zone A	2	131	2025-09-22	2025-11-27	4	No	8.02	0.12	Low
SYS-764	Zone C	1	147	2025-06-11	2025-10-31	2	No	1.61	0.76	Low
SYS-765	Zone C	2	124	2025-06-05	2025-11-18	1	Yes	5.37	0.1	Medium
SYS-766	Zone B	4	171	2025-05-29	2025-11-13	3	Yes	1.92	0.03	Low
SYS-767	Zone C	3	210	2025-08-08	2025-11-10	2	Yes	7.19	0.4	Medium
SYS-768	Zone B	3	243	2025-10-04	2025-12-04	2	No	2.72	0.99	Low
SYS-769	Zone A	3	37	2025-07-29	2025-11-22	2	No	3.16	0.17	Low
SYS-770	Zone C	4	20	2025-08-13	2025-11-27	4	No	8.45	0.67	High
SYS-771	Zone A	5	215	2025-09-17	2025-12-23	3	No	4.76	0.17	Medium
SYS-772	Zone C	5	176	2025-10-15	2025-12-23	2	No	6.7	0.72	High
SYS-773	Zone A	2	256	2025-08-29	2025-12-12	1	No	4.02	0.51	Medium
SYS-774	Zone C	5	56	2025-06-17	2025-12-05	1	Yes	2.98	0.68	High
SYS-775	Zone A	5	255	2025-09-08	2025-11-07	4	Yes	6.25	0.2	Medium
SYS-776	Zone A	3	136	2025-06-28	2025-12-07	1	No	1.55	0.75	Low
SYS-777	Zone C	3	156	2025-07-02	2025-12-09	2	Yes	3.73	1.0	Low
SYS-778	Zone A	2	127	2025-05-23	2025-11-19	1	No	2.09	0.67	Low
SYS-779	Zone A	1	391	2025-08-02	2025-12-17	2	Yes	6.96	0.49	Medium
SYS-780	Zone A	2	161	2025-07-18	2025-12-06	1	No	9.44	0.92	Low
SYS-781	Zone C	2	81	2025-06-25	2025-11-30	3	Yes	9.96	0.02	Low
SYS-782	Zone C	4	372	2025-05-30	2025-11-21	4	Yes	4.5	0.73	High
SYS-783	Zone A	4	146	2025-10-13	2025-12-02	4	No	2.53	0.89	High
SYS-784	Zone A	2	184	2025-06-11	2025-11-01	3	No	4.43	0.06	Medium
SYS-785	Zone C	2	298	2025-07-09	2025-10-30	3	Yes	8.47	0.45	Medium
SYS-786	Zone C	2	28	2025-06-11	2025-12-07	4	Yes	2.06	0.2	Low
SYS-787	Zone A	5	204	2025-09-26	2025-12-09	3	No	9.52	0.57	High
SYS-788	Zone A	4	339	2025-07-17	2025-12-22	2	Yes	3.42	0.65	High
SYS-789	Zone A	2	184	2025-05-19	2025-12-21	1	No	9.86	0.3	Medium
SYS-790	Zone B	3	363	2025-07-20	2025-12-15	4	No	8.39	0.46	Medium
SYS-791	Zone C	3	150	2025-05-14	2025-11-25	3	Yes	8.09	0.28	Low
SYS-792	Zone B	5	255	2025-08-21	2025-11-17	2	No	3.18	0.37	Medium
SYS-793	Zone C	5	394	2025-06-21	2025-12-06	4	Yes	0.09	0.16	Low
SYS-794	Zone C	1	102	2025-08-31	2025-11-04	3	Yes	3.82	0.89	Low
SYS-795	Zone C	1	248	2025-05-27	2025-11-26	4	No	3.02	0.01	Low
SYS-796	Zone C	1	214	2025-09-30	2025-12-07	3	Yes	0.37	0.88	Low
SYS-797	Zone C	5	57	2025-10-16	2025-12-17	4	No	5.05	0.57	Medium
SYS-798	Zone C	5	254	2025-07-21	2025-11-24	2	No	4.03	0.33	Medium
SYS-799	Zone C	5	329	2025-05-04	2025-12-03	2	No	6.35	0.72	High
SYS-800	Zone B	3	326	2025-08-21	2025-11-25	1	Yes	6.21	0.51	Medium
SYS-801	Zone A	5	304	2025-09-29	2025-11-12	4	No	1.21	0.5	Medium
SYS-802	Zone A	3	137	2025-05-25	2025-11-30	1	Yes	9.77	0.11	Low
SYS-803	Zone B	1	353	2025-08-12	2025-10-27	4	No	1.87	0.39	Medium
SYS-804	Zone B	1	291	2025-10-20	2025-11-08	3	No	4.45	0.24	Medium
SYS-805	Zone B	1	26	2025-06-10	2025-11-07	3	No	4.88	0.02	Medium
SYS-806	Zone B	2	80	2025-10-09	2025-11-23	1	Yes	8.13	0.36	Medium
SYS-807	Zone C	2	278	2025-07-23	2025-11-06	4	Yes	0.99	0.09	Low
SYS-808	Zone A	4	334	2025-09-05	2025-12-03	1	No	4.29	0.26	Medium
SYS-809	Zone C	4	291	2025-09-17	2025-10-27	2	No	6.29	0.09	Medium
SYS-810	Zone A	4	314	2025-08-04	2025-11-26	1	Yes	2.15	0.1	Low
SYS-811	Zone A	2	16	2025-09-06	2025-11-07	1	Yes	6.27	0.2	Medium
SYS-812	Zone B	2	323	2025-05-19	2025-12-10	3	Yes	9.24	1.0	Low
SYS-813	Zone C	4	314	2025-08-09	2025-11-21	1	No	9.98	0.0	High
SYS-814	Zone B	4	112	2025-09-25	2025-12-13	4	Yes	0.32	0.64	High
SYS-815	Zone C	5	318	2025-09-04	2025-12-05	3	No	2.36	0.14	Low
SYS-816	Zone A	4	202	2025-06-22	2025-11-11	1	Yes	3.1	0.92	High
SYS-817	Zone B	5	250	2025-08-26	2025-12-04	2	No	3.99	0.09	Low
SYS-818	Zone B	3	71	2025-07-19	2025-11-25	1	No	2.42	0.96	Low
SYS-819	Zone A	2	26	2025-07-06	2025-11-28	1	No	2.03	0.61	Low
SYS-820	Zone A	4	180	2025-08-19	2025-11-18	1	Yes	9.55	0.0	High
SYS-821	Zone A	2	34	2025-09-03	2025-12-09	3	Yes	9.19	0.89	Low
SYS-822	Zone B	2	260	2025-08-21	2025-11-29	4	Yes	0.47	0.52	Medium
SYS-823	Zone C	2	262	2025-08-01	2025-12-12	2	No	3.39	0.26	Low
SYS-824	Zone B	3	396	2025-09-25	2025-10-31	1	No	4.05	0.77	Medium
SYS-825	Zone C	1	216	2025-09-15	2025-11-13	4	Yes	2.39	0.93	Low
SYS-826	Zone B	4	38	2025-10-20	2025-11-24	4	No	6.29	0.48	Medium
SYS-827	Zone B	1	126	2025-10-13	2025-11-01	3	No	6.4	0.32	Medium
SYS-828	Zone A	1	291	2025-06-30	2025-11-04	2	No	8.51	0.79	Low
SYS-829	Zone C	1	389	2025-07-14	2025-12-05	3	Yes	7.41	0.68	Low
SYS-830	Zone B	2	153	2025-09-04	2025-11-26	4	No	5.43	0.89	Medium
SYS-831	Zone B	5	34	2025-06-16	2025-11-28	4	Yes	6.54	0.69	High
SYS-832	Zone A	2	319	2025-08-26	2025-11-22	4	Yes	2.74	0.24	Low
SYS-833	Zone A	2	165	2025-10-07	2025-11-09	3	Yes	5.93	0.93	Medium
SYS-834	Zone C	1	82	2025-09-23	2025-11-24	2	Yes	4.89	0.1	Medium
SYS-835	Zone B	2	129	2025-08-04	2025-12-01	1	Yes	1.33	0.27	Low
SYS-836	Zone C	1	321	2025-06-13	2025-11-23	3	No	2.43	0.52	Medium
SYS-837	Zone B	5	330	2025-07-04	2025-11-16	4	Yes	2.92	0.57	Medium
SYS-838	Zone C	4	102	2025-05-20	2025-10-29	3	Yes	9.24	0.02	High
SYS-839	Zone A	1	95	2025-10-07	2025-11-14	4	Yes	2.3	0.78	Low
SYS-840	Zone B	5	345	2025-08-26	2025-11-26	1	No	2.89	0.36	Medium
SYS-841	Zone C	4	373	2025-06-28	2025-11-30	1	No	3.69	0.41	Medium
SYS-842	Zone A	3	127	2025-10-14	2025-12-14	2	No	6.64	0.81	Medium
SYS-843	Zone A	1	242	2025-10-18	2025-10-29	4	No	1.18	0.38	Medium
SYS-844	Zone C	1	208	2025-07-02	2025-11-21	2	Yes	9.54	0.05	Low
SYS-845	Zone B	3	215	2025-05-23	2025-11-11	2	Yes	8.66	0.18	Low
SYS-846	Zone B	3	348	2025-07-06	2025-11-06	1	No	5.77	0.96	Medium
SYS-847	Zone A	1	156	2025-10-03	2025-11-16	3	No	6.74	0.07	Medium
SYS-848	Zone B	3	280	2025-09-13	2025-11-11	3	No	0.17	0.35	Medium
SYS-849	Zone B	2	396	2025-06-28	2025-11-04	2	No	3.39	0.5	Medium
SYS-850	Zone B	4	148	2025-10-06	2025-12-18	1	Yes	7.96	0.49	High
SYS-851	Zone A	4	190	2025-06-24	2025-10-26	4	No	0.77	0.0	Low
SYS-852	Zone C	4	39	2025-09-23	2025-11-16	3	No	2.82	0.5	Medium
SYS-853	Zone B	2	66	2025-09-12	2025-11-20	2	No	5.85	0.38	Medium
SYS-854	Zone A	3	241	2025-10-04	2025-12-20	3	No	2.56	0.97	Low
SYS-855	Zone A	5	155	2025-07-27	2025-12-23	3	No	9.34	0.16	High
SYS-856	Zone C	3	393	2025-06-17	2025-11-12	4	No	1.31	0.35	Medium
SYS-857	Zone B	1	57	2025-09-07	2025-12-14	1	No	7.97	0.42	Medium
SYS-858	Zone B	4	203	2025-09-26	2025-11-08	4	Yes	5.08	0.39	Medium
SYS-859	Zone C	3	233	2025-05-29	2025-12-11	1	Yes	7.5	0.67	Low
SYS-860	Zone C	5	145	2025-10-08	2025-11-23	3	Yes	3.11	0.22	Low
SYS-861	Zone A	1	31	2025-09-26	2025-11-06	2	Yes	5.14	0.22	Medium
SYS-862	Zone A	2	15	2025-08-14	2025-11-30	4	Yes	8.57	0.73	Low
SYS-863	Zone C	2	213	2025-06-05	2025-12-23	1	Yes	4.67	0.5	Medium
SYS-864	Zone B	5	248	2025-08-15	2025-11-29	3	No	3.6	0.42	Medium
SYS-865	Zone A	1	194	2025-07-04	2025-12-16	1	No	5.36	0.17	Medium
SYS-866	Zone A	4	369	2025-05-28	2025-11-06	1	Yes	7.17	0.19	High
SYS-867	Zone B	3	301	2025-07-02	2025-11-01	1	No	4.44	0.01	Medium
SYS-868	Zone A	1	344	2025-07-02	2025-11-23	3	Yes	9.39	0.09	Low
SYS-869	Zone B	2	229	2025-09-17	2025-11-05	2	No	2.95	0.56	Medium
SYS-870	Zone B	5	125	2025-07-02	2025-11-27	2	No	4.75	0.89	High
SYS-871	Zone B	5	322	2025-10-13	2025-10-31	2	No	7.57	0.29	High
SYS-872	Zone C	3	58	2025-05-06	2025-12-11	1	No	6.89	0.33	Medium
SYS-873	Zone C	5	182	2025-06-30	2025-11-09	3	No	8.64	0.12	High
SYS-874	Zone C	5	91	2025-07-30	2025-11-26	1	No	9.97	0.39	High
SYS-875	Zone B	1	331	2025-09-09	2025-12-15	2	Yes	4.27	0.04	Medium
SYS-876	Zone B	4	342	2025-05-05	2025-11-05	2	Yes	1.11	0.92	High
SYS-877	Zone C	3	54	2025-07-12	2025-12-22	3	No	0.3	0.67	Low
SYS-878	Zone A	1	344	2025-10-15	2025-11-17	1	Yes	7.27	0.99	Low
SYS-879	Zone B	4	29	2025-09-25	2025-11-20	4	No	8.74	0.88	High
SYS-880	Zone A	1	230	2025-08-18	2025-11-28	4	Yes	2.21	0.47	Medium
SYS-881	Zone A	1	132	2025-08-23	2025-12-10	2	No	1.58	0.52	Medium
SYS-882	Zone B	5	243	2025-07-04	2025-11-28	3	Yes	0.62	0.19	Low
SYS-883	Zone B	4	230	2025-06-22	2025-11-23	1	No	8.23	0.46	High
SYS-884	Zone A	3	332	2025-09-18	2025-10-29	1	Yes	3.11	0.9	Low
SYS-885	Zone A	3	348	2025-05-24	2025-11-11	2	No	4.02	0.05	Medium
SYS-886	Zone C	4	12	2025-09-30	2025-11-29	2	Yes	5.03	0.86	High
SYS-887	Zone C	5	191	2025-08-12	2025-11-07	1	No	8.39	0.34	High
SYS-888	Zone B	2	215	2025-07-01	2025-12-05	1	No	6.51	0.9	Medium
SYS-889	Zone C	1	329	2025-10-17	2025-12-03	2	No	6.15	0.94	Medium
SYS-890	Zone C	5	49	2025-07-19	2025-11-09	1	Yes	1.76	0.67	High
SYS-891	Zone C	4	68	2025-08-07	2025-12-19	4	Yes	5.13	0.66	High
SYS-892	Zone C	1	71	2025-08-20	2025-11-23	2	Yes	7.15	0.45	Medium
SYS-893	Zone A	3	141	2025-07-19	2025-11-23	1	No	9.73	0.84	Low
SYS-894	Zone B	2	69	2025-07-18	2025-11-05	2	Yes	2.01	0.96	Low
SYS-895	Zone C	3	381	2025-05-22	2025-12-16	3	No	0.1	0.78	Low
SYS-896	Zone A	4	340	2025-08-27	2025-11-26	2	Yes	0.75	0.62	High
SYS-897	Zone A	1	131	2025-06-06	2025-10-27	2	Yes	3.76	0.61	Low
SYS-898	Zone A	4	116	2025-06-12	2025-12-11	3	Yes	8.21	0.85	High
SYS-899	Zone C	1	105	2025-09-20	2025-11-08	4	Yes	0.07	0.54	Medium
SYS-900	Zone C	5	356	2025-09-11	2025-11-14	1	No	4.57	0.8	High
SYS-901	Zone B	2	244	2025-09-15	2025-11-16	3	Yes	3.29	0.51	Medium
SYS-902	Zone C	5	395	2025-05-22	2025-11-05	2	Yes	0.52	0.06	Low
SYS-903	Zone C	5	71	2025-10-15	2025-11-21	1	No	4.5	0.38	Medium
SYS-904	Zone A	4	265	2025-08-16	2025-10-28	3	No	2.55	0.44	Medium
SYS-905	Zone B	2	58	2025-08-07	2025-11-11	1	Yes	3.52	0.14	Low
SYS-906	Zone C	1	357	2025-10-17	2025-12-08	1	Yes	7.06	0.1	Low
SYS-907	Zone C	1	168	2025-08-03	2025-12-20	3	No	5.22	0.54	Medium
SYS-908	Zone A	3	133	2025-06-09	2025-11-22	1	No	1.25	0.09	Low
SYS-909	Zone A	1	326	2025-06-25	2025-11-23	4	No	9.61	0.3	Medium
SYS-910	Zone C	4	216	2025-06-30	2025-11-15	3	Yes	6.36	0.74	High
SYS-911	Zone B	5	57	2025-07-19	2025-12-11	4	Yes	7.66	0.96	High
SYS-912	Zone B	5	145	2025-08-20	2025-11-10	2	Yes	0.79	0.72	High
SYS-913	Zone A	5	210	2025-08-03	2025-12-01	1	No	0.47	0.99	High
SYS-914	Zone A	2	259	2025-06-07	2025-12-23	2	No	0.19	0.7	Low
SYS-915	Zone C	1	323	2025-09-25	2025-11-14	2	No	1.89	0.29	Low
SYS-916	Zone A	4	366	2025-05-01	2025-10-31	1	Yes	4.14	0.67	High
SYS-917	Zone C	2	377	2025-09-07	2025-11-13	3	No	9.36	0.7	Low
SYS-918	Zone B	3	327	2025-06-10	2025-12-21	1	Yes	4.57	0.37	Medium
SYS-919	Zone B	4	304	2025-08-12	2025-10-30	2	No	2.9	0.02	Low
SYS-920	Zone C	4	323	2025-05-20	2025-10-28	2	Yes	5.62	0.7	High
SYS-921	Zone A	4	218	2025-06-25	2025-12-23	3	Yes	1.12	0.02	Low
SYS-922	Zone B	5	364	2025-08-14	2025-10-26	1	No	6.1	0.63	High
SYS-923	Zone A	4	220	2025-10-02	2025-12-22	2	Yes	5.68	0.16	Medium
SYS-924	Zone B	1	201	2025-10-01	2025-12-02	4	No	7.92	0.57	Medium
SYS-925	Zone C	4	53	2025-06-30	2025-11-09	2	Yes	9.87	0.5	High
SYS-926	Zone C	5	38	2025-06-03	2025-11-28	2	No	2.51	0.01	Low
SYS-927	Zone C	4	68	2025-09-04	2025-11-29	3	No	5.1	0.36	Medium
SYS-928	Zone B	3	80	2025-10-20	2025-12-13	4	Yes	9.09	0.6	Medium
SYS-929	Zone A	3	101	2025-07-23	2025-11-19	2	No	7.85	0.85	Low
SYS-930	Zone A	5	274	2025-06-01	2025-11-18	2	Yes	4.87	0.89	High
SYS-931	Zone A	1	392	2025-08-18	2025-11-06	4	No	9.45	0.48	Medium
SYS-932	Zone B	1	229	2025-09-13	2025-11-12	1	No	0.57	0.73	Low
SYS-933	Zone B	2	399	2025-09-14	2025-11-09	1	No	9.31	0.32	Medium
SYS-934	Zone B	5	224	2025-06-17	2025-12-08	2	No	0.51	0.34	Medium
SYS-935	Zone B	4	396	2025-06-04	2025-11-10	2	Yes	5.47	0.19	Medium
SYS-936	Zone B	5	286	2025-07-13	2025-11-21	1	No	8.9	0.56	High
SYS-937	Zone A	2	73	2025-08-05	2025-11-02	3	No	2.63	0.31	Medium
SYS-938	Zone B	5	355	2025-10-18	2025-12-10	4	Yes	4.72	0.08	Medium
SYS-939	Zone B	5	301	2025-05-13	2025-11-19	4	Yes	3.24	0.69	High
SYS-940	Zone A	2	254	2025-06-09	2025-11-11	3	Yes	9.52	0.71	Low
SYS-941	Zone B	1	71	2025-10-11	2025-11-23	3	Yes	8.24	0.36	Medium
SYS-942	Zone A	4	341	2025-10-16	2025-12-17	3	Yes	7.09	0.08	High
SYS-943	Zone A	2	179	2025-05-23	2025-11-02	3	Yes	5.88	0.43	Medium
SYS-944	Zone C	3	278	2025-06-05	2025-11-09	3	No	8.21	0.44	Medium
SYS-945	Zone C	1	276	2025-05-02	2025-11-21	3	Yes	3.92	0.67	Low
SYS-946	Zone C	3	63	2025-06-13	2025-12-10	4	No	4.48	0.32	Medium
SYS-947	Zone C	1	25	2025-10-08	2025-12-14	3	Yes	7.3	0.68	Low
SYS-948	Zone B	4	17	2025-05-06	2025-12-16	1	No	3.58	0.87	High
SYS-949	Zone C	4	113	2025-06-13	2025-11-01	3	No	0.64	0.24	Low
SYS-950	Zone A	5	68	2025-07-29	2025-10-28	3	No	0.74	0.98	High
SYS-951	Zone B	3	322	2025-08-17	2025-11-23	4	Yes	1.15	0.39	Medium
SYS-952	Zone C	1	49	2025-08-19	2025-12-08	4	Yes	8.7	0.27	Low
SYS-953	Zone A	4	246	2025-07-12	2025-12-17	3	Yes	4.72	0.42	Medium
SYS-954	Zone B	2	395	2025-08-09	2025-11-18	4	Yes	7.13	0.09	Low
SYS-955	Zone B	4	103	2025-10-04	2025-12-22	2	No	3.93	0.13	Low
SYS-956	Zone C	2	231	2025-10-12	2025-10-28	4	Yes	2.59	0.41	Medium
SYS-957	Zone B	1	213	2025-05-31	2025-11-14	4	No	3.47	0.76	Low
SYS-958	Zone A	4	147	2025-05-22	2025-12-10	4	No	7.94	0.9	High
SYS-959	Zone B	4	309	2025-09-13	2025-11-09	4	Yes	6.25	0.66	High
SYS-960	Zone A	1	216	2025-05-11	2025-11-19	1	Yes	9.38	0.11	Low
SYS-961	Zone B	4	345	2025-07-19	2025-11-24	1	Yes	6.8	0.67	High
SYS-962	Zone C	2	90	2025-07-18	2025-11-08	1	No	5.7	0.64	Medium
SYS-963	Zone A	4	227	2025-09-02	2025-11-01	3	Yes	6.1	0.81	High
SYS-964	Zone B	3	11	2025-08-13	2025-11-11	3	No	9.42	0.83	Low
SYS-965	Zone B	5	187	2025-08-20	2025-12-08	2	Yes	7.88	0.87	High
SYS-966	Zone B	2	380	2025-08-04	2025-11-14	1	No	0.24	0.41	Medium
SYS-967	Zone A	3	355	2025-06-26	2025-11-30	3	Yes	5.34	0.7	Medium
SYS-968	Zone A	1	288	2025-06-23	2025-11-03	4	Yes	6.88	0.27	Medium
SYS-969	Zone A	2	155	2025-06-06	2025-12-02	4	No	7.49	1.0	Low
SYS-970	Zone C	5	327	2025-05-12	2025-12-12	1	Yes	2.13	0.18	Low
SYS-971	Zone C	5	233	2025-08-06	2025-12-21	2	Yes	8.67	0.01	High
SYS-972	Zone A	1	378	2025-09-16	2025-11-16	2	Yes	9.56	0.15	Low
SYS-973	Zone B	1	393	2025-10-20	2025-12-18	4	Yes	2.37	0.78	Low
SYS-974	Zone C	2	71	2025-09-11	2025-12-17	2	Yes	8.83	0.45	Medium
SYS-975	Zone A	4	303	2025-08-18	2025-12-17	1	Yes	0.97	0.45	Medium
SYS-976	Zone B	1	248	2025-05-24	2025-10-27	4	Yes	0.56	0.96	Low
SYS-977	Zone C	4	204	2025-08-22	2025-11-18	3	No	1.29	0.92	High
SYS-978	Zone B	3	175	2025-08-18	2025-11-02	3	No	0.58	0.31	Medium
SYS-979	Zone B	5	231	2025-07-20	2025-11-05	2	Yes	8.45	0.21	High
SYS-980	Zone B	4	70	2025-08-10	2025-11-07	4	Yes	0.59	0.85	High
SYS-981	Zone B	5	138	2025-10-10	2025-11-11	4	Yes	2.72	0.91	High
SYS-982	Zone C	4	182	2025-07-08	2025-11-02	3	No	1.04	0.54	Medium
SYS-983	Zone C	3	165	2025-10-07	2025-11-15	4	No	2.95	0.63	Low
SYS-984	Zone C	1	387	2025-08-22	2025-11-12	4	Yes	0.91	0.26	Low
SYS-985	Zone A	3	119	2025-09-21	2025-11-24	4	No	6.68	0.8	Medium
SYS-986	Zone C	1	278	2025-09-16	2025-11-12	2	Yes	1.33	0.63	Low
SYS-987	Zone B	1	365	2025-05-09	2025-12-10	4	Yes	8.52	0.5	Medium
SYS-988	Zone C	5	287	2025-10-16	2025-12-11	1	Yes	8.17	0.06	High
SYS-989	Zone B	3	83	2025-07-30	2025-11-25	2	Yes	0.14	0.92	Low
SYS-990	Zone A	4	216	2025-06-20	2025-12-02	4	No	8.96	0.62	High
SYS-991	Zone B	3	397	2025-08-04	2025-11-26	4	No	0.29	0.19	Low
SYS-992	Zone B	5	288	2025-05-20	2025-11-05	1	Yes	2.4	0.61	High
SYS-993	Zone B	1	384	2025-08-20	2025-12-09	2	No	0.32	0.68	Low
SYS-994	Zone A	5	335	2025-06-11	2025-11-19	3	No	3.36	0.53	Medium
SYS-995	Zone C	2	349	2025-07-24	2025-11-27	3	Yes	5.14	0.72	Medium
SYS-996	Zone C	2	366	2025-09-09	2025-12-02	2	No	7.97	0.58	Medium
SYS-997	Zone A	4	349	2025-07-24	2025-12-05	4	Yes	3.38	0.95	High
SYS-998	Zone B	5	213	2025-05-28	2025-11-02	4	Yes	7.05	0.05	High
SYS-999	Zone C	4	170	2025-09-11	2025-11-05	3	Yes	1.88	0.11	Low
SYS-1000	Zone A	4	37	2025-08-10	2025-11-16	3	Yes	7.51	0.17	High
